,ProductID,Description,Name,Type,Color,Size,Image,desc_embeddings,feature_embeddings
282,402.965.99,Fits the bed both in a low and a high position.,KURA,Bed tent,Turquoise,0x0,images/objects/402.965.99.jpg,"[-1.04728341e-02  4.29310381e-01  2.51378804e-01 -1.79028794e-01
 -5.33157885e-02 -1.15674414e-01 -2.06340432e-01 -1.00441623e+00
  1.17362022e-01 -3.50202471e-01  4.41715121e-02  2.42220387e-01
  1.50932655e-01 -1.44077376e-01 -2.56083548e-01  7.79423043e-02
 -9.71068516e-02 -5.95410541e-02 -2.11584881e-01  2.42086291e-01
 -1.89400926e-01 -1.02376476e-01  2.53446400e-02 -4.59151715e-02
  2.26434842e-02  1.86833888e-01 -4.69905138e-02  3.01219970e-02
  2.91475773e-01 -1.29389957e-01 -3.42879921e-01  8.13284963e-02
 -8.83353874e-02  7.25020394e-02 -3.78107786e-01 -9.20953006e-02
 -1.29150838e-01 -3.25993210e-01 -6.23693317e-03 -1.65808462e-02
  4.19990987e-01  1.63572565e-01 -8.54446590e-02 -4.50558588e-02
  1.93604022e-01 -3.75567302e-02  9.36758444e-02  5.18788323e-02
 -3.04000080e-03 -1.64217740e-01 -1.87339056e-02 -2.32436165e-01
 -1.64731085e-01  6.06341362e-01 -2.72577703e-01  6.57928437e-02
 -1.04870342e-01 -4.57034588e-01 -4.09002900e-01  2.75677647e-02
  1.88301072e-01 -2.24125102e-01 -1.59855723e-01  1.55117229e-01
  3.50928247e-01  1.28067061e-01  4.16817546e-01  1.70356631e-01
 -1.33938074e-01 -1.20675132e-01  1.97157443e-01 -3.55137587e-01
 -2.74643242e-01  7.35400319e-02  2.90503502e-01  7.06145763e-02
  1.11898109e-01 -1.89809680e-01  2.46459730e-02 -2.47689903e-01
 -4.85678554e-01 -1.51647657e-01  6.11270219e-02  1.92094684e-01
 -8.48917514e-02  3.08695495e-01  3.79388571e-01 -4.31206897e-02
 -2.55669951e-01  8.39630365e-02  1.42008603e-01 -3.53957534e-01
 -1.45448804e+00  3.91785324e-01 -3.90590608e-01 -5.39275408e-02
  1.74790204e-01  1.44765303e-01 -2.92766571e-01  1.15071513e-01
  1.41755983e-01 -7.51585513e-03  9.89056751e-02  1.20189756e-01
 -1.20400079e-01  4.50321138e-01 -6.45453110e-02 -2.06050128e-02
  5.06366611e-01 -3.19277436e-01 -1.81299582e-01  6.20971084e-01
  3.67107451e-01 -2.04742938e-01 -1.59163013e-01 -1.80334687e-01
  3.58034134e-01  2.95726627e-01 -4.46396917e-02  9.43435133e-02
  1.18571609e-01 -6.43323779e-01  6.82688355e-02 -4.15217280e-02
 -3.74344438e-02 -1.09404802e-01  7.19976723e-02 -1.65543735e-01
  4.23290193e-01  2.15639055e-01  5.59202284e-02  6.11576438e-03
  1.63854674e-01  5.80570602e+00  1.07246049e-01 -1.73350185e-01
 -4.18743968e-01  1.93606898e-01 -2.15191692e-01 -4.78169471e-02
 -3.02211076e-01 -9.61629301e-02  4.55161184e-02  4.06806886e-01
 -4.52807665e-01 -2.04059929e-01 -1.19639724e-01 -3.16437066e-01
  1.22411653e-01 -2.68480718e-01 -2.41758764e-01  1.47061646e-01
  5.70894629e-02  3.02384764e-01  8.88497233e-02 -1.72272235e-01
  1.34086087e-01 -5.11101127e-01  1.35819033e-01  3.15638363e-01
 -1.61339775e-01 -3.17519084e-02  4.65616286e-01  1.55528381e-01
 -2.50351913e-02  7.99663663e-02  1.84722602e-01 -1.68328658e-02
  8.31547230e-02  1.97996885e-01  1.60921402e-02 -1.15191758e-01
  2.51410484e-01  1.11553505e-01 -2.12836817e-01 -2.14935333e-01
  1.73533380e-01 -1.51445270e-02 -4.18167487e-02 -1.39710307e-01
 -9.04026404e-02  1.77658349e-01 -1.42743498e-01 -5.62467396e-01
 -9.71797183e-02  3.27580363e-01  1.72040135e-01 -1.51620135e-01
  3.36779207e-01  9.75298882e-03 -1.65866718e-01  2.57604063e-01
  2.02612340e-01 -2.37050161e-01 -5.34727611e-02 -2.22890377e-01
 -1.17445037e-01  7.36274421e-02 -5.14501929e-01 -1.93500400e-01
 -3.71096358e-02 -5.01376316e-02 -3.84448171e-02 -7.24205934e-03
 -6.05713055e-02  4.94818509e-01 -1.51998147e-01  1.37935415e-01
  1.49060875e-01 -2.32968777e-01  5.94611287e-01  2.15431049e-01
  6.70582205e-02 -2.37915479e-02 -5.92411280e-01  1.43894982e-02
  7.51837268e-02 -1.72389090e-01  3.57154787e-01 -2.01576754e-01
  1.17856115e-02 -1.26944780e-01 -2.61359543e-01  8.39125812e-02
 -1.25887781e-01 -1.19070701e-01  2.49896780e-01 -2.26264820e-02
 -9.20396894e-02 -2.78891802e-01 -4.12113667e-01  1.19044088e-01
 -1.43715695e-01  2.94263452e-01  5.14835604e-02  2.14828551e-03
  1.66821361e-01  4.24297154e-02 -2.31380254e-01 -3.09806585e-01
  1.73294544e-02  1.17750175e-01 -1.07399613e-01 -8.62504393e-02
  1.16891414e-03  4.63589907e-01  3.96510482e-01 -2.02499092e-01
 -1.10130563e-01  3.16626132e-01 -3.09074581e-01 -2.48475924e-01
  4.20836568e-01 -8.90136324e-03  6.13587350e-02 -1.73618913e-01
  2.30660439e-02 -2.88026780e-02 -2.00005844e-02  1.91893861e-01
 -3.28120261e-01 -8.47219229e-02  1.00886732e-01  4.69373763e-02
 -2.58238733e-01 -3.52017820e-01  1.21627450e-01  1.87121630e-01
 -1.82426944e-01 -1.55766696e-01 -4.51246575e-02 -1.39602482e-01
 -4.76813465e-02 -4.99827862e-01 -2.64361858e-01  5.15283234e-02
  1.50812060e-01  1.50624543e-01  2.28197068e-01 -3.73609364e-04
 -1.15085803e-02 -1.62761018e-01 -3.65618080e-01  3.90993059e-01
  7.15935528e-02 -4.05692905e-02 -3.37609053e-02 -3.51678014e-01
  6.68544531e-01  1.87176466e-01  2.16759861e-01 -9.14467424e-02
  1.58902615e-01 -1.92088455e-01  1.44551441e-01  6.49543703e-02
 -3.57088327e-01  2.55608112e-02 -3.38552684e-01 -1.93618909e-01
 -1.61740080e-01 -8.40045810e-02 -6.69289231e-02  3.46124530e-01
  4.79124099e-01  3.78809124e-02 -6.33173808e-02 -4.92281616e-02
 -1.84735268e-01 -6.01811111e-01 -1.82734996e-01  3.07500511e-01
  5.79922104e+00 -3.86228748e-02 -1.00030698e-01  1.32288635e-01
  1.04221076e-01 -9.45780650e-02  1.36871755e-01 -1.70195624e-01
  2.00669706e-01  4.62977856e-01 -1.70348614e-01 -3.12617064e-01
 -2.50642002e-02 -2.02494100e-01  6.97425306e-02  2.28750914e-01
  1.10996217e-01 -2.80207920e+00 -2.59699613e-01  2.96375036e-01
  1.06080674e-01 -4.40695077e-01 -1.11066177e-01  5.40204234e-02
  7.94452950e-02 -1.56795189e-01  8.31090212e-02  4.05965149e-01
 -2.03855112e-02 -1.16478324e-01  3.19868177e-01 -3.47948790e-01
 -8.09305459e-02  2.94935644e-01  4.62214023e-01  2.18696266e-01
 -2.25221574e-01 -2.12154835e-01  1.31430969e-01 -1.01465940e-01
 -1.35222256e-01  1.31323099e-01 -1.63218766e-01 -2.39226356e-01
 -1.95715562e-01 -7.22167641e-03  2.47853756e-01  1.32804438e-02
 -8.49667713e-02 -2.24156469e-01 -4.60236520e-02  4.42117825e-02
 -5.86108640e-02  4.39579748e-02  1.21684209e-01  2.55191684e-01
 -1.64872468e-01  2.34964043e-01  1.28520668e-01  1.90704435e-01
 -1.54523313e-01  4.33787405e-02 -2.74189487e-02  3.97831351e-02
  2.14167982e-01 -1.64386287e-01  7.68421590e-02 -2.55511284e-01
 -2.05325261e-02  2.13178217e-01  1.69687063e-01 -3.74559835e-02
  2.36735418e-01  2.81114817e-01  1.30207151e-01 -1.42269284e-02
  1.48955435e-01 -3.09272587e-01 -1.52627632e-01  3.45301926e-01
 -5.94366565e-02  1.84687078e-02  2.04640105e-01  4.81243759e-01
  7.95996711e-02 -2.54828274e-01 -4.03972805e-01  2.95521319e-01
  5.65746009e-01  4.63257730e-02  5.13224721e-01 -1.86234444e-01
 -4.03692633e-01 -5.96106052e-04  6.13941401e-02  3.85369599e-01
 -1.72829047e-01  2.85239279e-01  1.79635644e-01 -5.66218048e-02
  4.06858325e-02  4.33796823e-01  3.56245786e-01  1.39752030e-03
 -1.58718854e-01 -5.48545271e-02  1.97979048e-01 -1.99057311e-01
  2.04720527e-01 -1.95175245e-01  2.46570811e-01 -2.05279648e-01
  1.86822593e-01 -3.05606782e-01 -4.46467586e-02 -2.14346528e-01
 -1.41092405e-01  1.90282494e-01 -2.05024272e-01  1.00908518e-01
 -2.55134404e-02  1.12162620e-01 -1.36898935e-01 -1.00007705e-01
 -1.46185026e-01 -1.92938358e-01  1.26560837e-01  3.00291240e-01
  1.25275701e-02  2.02774331e-01 -4.03239995e-01 -2.09718123e-01
 -1.00684978e-01  1.50018096e-01  9.29674506e-03 -3.08266550e-01
 -9.12175551e-02  3.30872893e-01 -2.95609683e-01  9.57544148e-02
  2.47584015e-01  9.48269367e-02 -2.52189040e-02 -1.76436588e-01
  1.63430154e-01  2.17039257e-01  8.38677362e-02  4.70072091e-01
 -1.36999816e-01 -1.61340237e-01  3.63071293e-01 -1.92785174e-01
  2.51284808e-01  1.77779943e-01 -1.82118237e-01 -2.65474260e-01
  9.87899303e-02  7.53745213e-02  3.36561576e-02  9.21364725e-02
 -2.14007020e-01  2.30473846e-01 -1.12028562e-01  2.86081702e-01
 -1.60960138e-01 -3.17415148e-02 -3.36399019e-01 -3.72352190e-02
 -5.35954162e-02 -7.87202001e-01 -5.27797416e-02  7.56369382e-02
  3.32858413e-01  3.35624874e-01 -1.69149771e-01 -2.14079589e-01
  1.71377182e-01  2.87583292e-01  2.20734984e-01 -2.43645832e-01
 -1.90720826e-01  7.15589643e-01  2.43594646e-01 -3.39893490e-01
  3.81086200e-01 -3.99392843e-03  8.28948095e-02  8.58497322e-02
 -4.04946327e-01  3.59561771e-01 -7.79642612e-02  2.89666295e-01
  1.95744932e-02  1.71928912e-01 -3.42023015e-01  5.02887607e-01
  2.63431847e-01 -1.16640158e-01 -5.51071048e-01 -3.96134496e-01]","[-1.62666783e-01  1.95870027e-01 -2.59682864e-01 -1.10753492e-01
 -1.14251174e-01 -3.60210329e-01 -2.53510773e-02 -7.41005659e-01
  2.68520340e-02 -2.11484939e-01 -7.70802945e-02 -3.49381745e-01
  1.86040998e-01 -1.98117718e-01  5.52089959e-02  5.95811084e-02
 -7.47400075e-02 -1.36928365e-01 -3.27051997e-01  1.42433599e-01
  1.49068758e-02  2.91747749e-02 -3.65434140e-02 -7.54909217e-03
 -9.46159661e-02 -2.75597394e-01 -5.69210827e-01  9.82698500e-02
 -5.05035371e-02  7.26749152e-02 -5.86807370e-01  1.09579653e-01
 -3.61558378e-01 -3.82318437e-01 -3.86151850e-01 -1.89141229e-01
 -5.75587228e-02 -6.45969808e-01 -4.45134461e-01 -8.75253081e-02
  4.45401043e-01  4.28761393e-01 -1.84434786e-01 -3.82667840e-01
  2.13019371e-01 -1.44393817e-02  2.49844536e-01  3.61652792e-01
 -1.55820757e-01 -9.82612744e-02 -1.28523618e-01  1.79232001e-01
 -1.96997255e-01 -1.75712183e-02 -2.55270988e-01 -3.34793925e-02
 -2.72387564e-01 -6.90267086e-02 -2.41509989e-01  1.57913983e-01
 -2.25910157e-01 -3.13767232e-02 -6.53983951e-01 -3.70358765e-01
  7.71399587e-02  1.86511219e-01  3.32906902e-01  2.78306484e-01
  3.51957411e-01 -1.44113317e-01  1.98597133e-01 -5.42018116e-01
  1.05654098e-01  4.94545475e-02 -4.81420904e-01 -2.38283902e-01
 -2.03352779e-01 -3.84811878e-01  6.00222647e-02 -2.56779313e-01
 -8.77969503e-01  1.61102489e-01 -3.06783617e-03 -3.60616088e-01
  2.24167839e-01  7.89998621e-02 -1.49719253e-01 -1.28475159e-01
 -3.44378382e-01 -1.09548733e-01 -4.38401282e-01 -3.23121458e-01
 -1.05075932e+00  1.89627916e-01 -2.48311400e-01 -1.92838326e-01
  1.93559334e-01  4.65177953e-01 -2.05631316e-01 -2.78711408e-01
 -4.17707801e-01  2.32998550e-01  1.04894251e-01 -4.65651304e-02
 -1.29754767e-01  8.23978409e-02 -1.08240545e-02 -2.72330195e-01
 -5.97673059e-02 -5.31509042e-01  2.65673697e-01  2.44435966e-01
 -1.92931890e-02 -4.92155373e-01 -4.12263453e-01  1.00646935e-01
 -3.97810876e-01  1.33773878e-01  1.63242623e-01 -1.14349969e-01
  1.22040287e-01 -7.13622570e-01 -6.04003370e-02 -2.27460608e-01
 -4.86578047e-01  2.99104393e-01  5.76939583e-02  2.87565649e-01
 -2.60494947e-01  2.89394528e-01 -8.51356834e-02  1.57971427e-01
 -5.91903031e-02  3.77404642e+00  1.43604875e-01 -1.26220137e-01
 -2.55092919e-01  5.36484197e-02 -1.02226198e-01 -1.73983887e-01
 -2.90833592e-01 -1.17138073e-01 -1.82516515e-01  5.24721742e-01
 -3.66792083e-01 -3.47741425e-01  9.03443396e-02  2.98667908e-01
  1.19578414e-01  3.59786034e-01 -2.65702903e-02  4.24236923e-01
 -1.25037760e-01  2.06545606e-01 -2.18906611e-01 -3.81417841e-01
 -1.52632132e-01 -4.40873504e-02 -7.44028836e-02 -2.55140245e-01
 -6.01298809e-02 -3.40815008e-01  2.76495099e-01  1.79566726e-01
 -2.07670093e-01  2.22710416e-01  1.88185692e-01 -3.35215330e-01
  1.18441954e-01 -3.67863595e-01  1.74562126e-01  2.52360940e-01
  1.13510117e-01  9.64762866e-02 -3.82351637e-01 -1.76722556e-01
  2.27281421e-01 -2.07685098e-01 -1.99319616e-01  2.09440708e-01
 -1.49254248e-01  6.00791514e-01 -1.41172856e-01 -1.31342188e-01
 -2.74508804e-01  1.44540578e-01  5.07746756e-01 -2.83382356e-01
  1.72908287e-02  1.37465134e-01 -9.45399143e-03  1.67344272e-01
 -2.76097655e-01  6.98504448e-02 -2.14113533e-01 -2.97999322e-01
  7.66195804e-02  6.49707466e-02 -1.45829082e-01 -2.10271090e-01
 -3.50820750e-01 -1.54067636e-01 -3.54691178e-01 -8.22143927e-02
  5.53938150e-02 -5.79315498e-02  4.29334193e-01  3.06836605e-01
 -1.09544341e-02 -3.79223585e-01  1.34864688e-01  2.26895407e-01
 -9.65137631e-02 -1.65620506e-01 -3.51139307e-01  4.08289358e-02
  6.26598746e-02 -5.35195649e-01  4.48932260e-01 -2.38512054e-01
 -4.45607752e-02 -3.55763882e-02 -6.73242867e-01 -1.41452789e-01
  9.55645591e-02  1.31491095e-01  4.26259965e-01 -2.46861935e-01
 -8.86529684e-02  2.29315460e-02 -1.30729452e-01 -6.67913258e-03
 -3.20396483e-01  3.79190966e-03  2.86524653e-01  3.73480111e-01
  1.93893969e-01 -5.87533593e-01  3.29853445e-01 -1.36959761e-01
  8.59650001e-02 -1.00985110e-01  9.36110020e-02 -8.24711099e-02
  1.02199435e-01 -6.27399087e-02 -2.21842095e-01 -9.31045562e-02
  4.95262057e-01  2.09695220e-01 -9.71185789e-02 -8.46557319e-02
  2.06826553e-02  1.90760627e-01  1.21850446e-02 -6.19876236e-02
  1.44579336e-01 -2.15255067e-01  1.15576081e-01 -2.63224423e-01
 -1.33325994e-01  8.61356184e-02  1.47014707e-02  1.31446458e-02
 -8.58214200e-02  2.20096037e-01 -1.34306371e-01 -6.63391203e-02
 -8.93749744e-02  2.98234969e-01  2.10968554e-02  1.32899627e-01
  2.84296751e-01 -4.66426723e-02 -2.99621075e-02  4.72821258e-02
 -8.75875503e-02  5.43154627e-02  6.95320442e-02 -2.00026736e-01
  3.94047230e-01  2.05969065e-02 -2.76306048e-02  3.03706586e-01
  1.40877098e-01 -5.80094308e-02  1.62807614e-01  5.64772673e-02
  5.97576976e-01  1.48063004e-02 -4.21243668e-01  1.17073640e-01
  1.61177248e-01 -2.87661076e-01  6.78072795e-02 -1.56784132e-02
 -2.18160883e-01 -4.33151387e-02  4.33069952e-02 -2.64684170e-01
 -1.22930691e-01 -2.67763197e-01 -2.82204241e-01  5.13610244e-01
  3.41448009e-01  2.49946475e-01  6.06078029e-01  3.06771040e-01
  6.61906675e-02 -1.68591797e-01 -2.69391835e-01  3.72067690e-01
  3.77012205e+00  1.85102016e-01 -1.40185714e-01 -8.72741342e-02
  9.60482657e-03 -8.38285685e-02  1.60207868e-01 -2.56807983e-01
  8.49067122e-02  5.03067136e-01  1.57149717e-01 -2.43525863e-01
  3.70343864e-01 -1.63641483e-01 -1.31868690e-01 -2.15986133e-01
  8.69780034e-02 -1.48899019e+00  1.57160640e-01  1.86571494e-01
  1.08529843e-01 -1.89311087e-01  1.02230921e-01 -4.08395112e-01
 -3.17801774e-01 -2.12942772e-02  2.43013501e-01  2.99518138e-01
  6.03627637e-02 -2.46966287e-01  2.26515025e-01  1.48986727e-01
 -1.85348123e-01  1.91286653e-01  2.83362299e-01  4.22055990e-01
  1.04714945e-01 -2.26722598e-01  1.54623017e-02 -4.38623428e-02
  2.09392995e-01  4.03852433e-01 -2.18754381e-01 -3.22546691e-01
  7.11283088e-02  2.08294675e-01 -3.72954249e-01 -1.94706157e-01
  7.46706426e-02  1.85608044e-01 -3.71073276e-01  5.79062402e-02
 -2.59071648e-01 -2.49100313e-01 -3.33669782e-02 -1.57165498e-01
  8.30784291e-02  5.95482327e-02 -5.48507348e-02 -2.55808681e-02
  7.55945444e-02  2.09987760e-02 -1.60174891e-01 -3.67496610e-02
  7.59366304e-02 -4.59146976e-01 -6.80015534e-02  2.18253702e-01
  1.82428479e-01  6.13174587e-02  5.16707897e-02  2.90555716e-01
  1.01886511e-01  3.29708099e-01  4.12553549e-03  2.12883890e-01
 -2.27800131e-01  9.26012322e-02 -4.71019387e-01  3.20818812e-01
  1.92142557e-02  4.90967631e-02 -9.17172283e-02  1.17950551e-02
 -2.78650373e-02 -3.84643495e-01 -1.63500249e-01  2.01124057e-01
  2.41293818e-01 -1.36989072e-01  1.53424531e-01 -5.22127688e-01
 -5.73302269e-01  3.02856117e-01  2.54573911e-01 -6.28994405e-02
 -8.93010497e-02  9.07432660e-03  9.25090164e-02 -3.03980056e-02
  2.05213845e-01  2.31834650e-02  2.38370121e-01  1.85550302e-02
  1.03887156e-01 -8.30226764e-02 -3.34470645e-02  6.44039363e-02
 -7.80103058e-02 -4.85251546e-02  1.25411481e-01 -8.92313600e-01
  1.02563068e-01  1.55140594e-01 -4.31830466e-01 -4.31712508e-01
 -5.41210473e-02 -2.03129768e-01 -2.03144118e-01 -4.19302106e-01
  9.59317461e-02  1.18470535e-01 -2.16794312e-02  5.31652629e-01
  1.59021288e-01  1.27487928e-02 -2.30920315e-02 -1.70481727e-01
 -6.53251112e-02 -7.39654079e-02 -3.64953041e-01  1.80411980e-01
  1.28387764e-01  4.53958251e-02 -3.22164237e-01 -7.28484243e-02
 -1.07063182e-01 -1.42349750e-02 -5.19044936e-01  2.56817400e-01
  8.63057524e-02  1.55217871e-02 -8.58274475e-02 -5.86239658e-02
  1.22207455e-01  4.91021723e-01  5.16277909e-01  3.81230652e-01
 -3.20708752e-03  1.34357944e-01  8.47324431e-02  2.85269260e-01
 -2.98315674e-01 -2.77951241e-01 -2.14033693e-01 -4.81570393e-01
  5.40982261e-02  3.57592463e-01  3.70936334e-01 -3.73347819e-01
 -2.85118744e-02  3.08389008e-01 -1.69512242e-01 -1.05654202e-01
 -2.49063045e-01  3.58332932e-01 -5.86537719e-01  3.00023377e-01
 -2.40329728e-01 -6.40064359e-01 -2.98985183e-01  1.06475033e-01
  1.28997564e-02  3.44898164e-01  1.04773238e-01  3.14674377e-01
  7.27712810e-02 -3.84851098e-02  3.13151538e-01 -4.11622465e-01
  2.06087247e-01  7.47521639e-01  1.21417493e-01  1.74646869e-01
  6.91012889e-02 -4.74365056e-02  1.79538682e-01  3.05501819e-01
 -2.28718534e-01 -1.32642105e-01 -7.18328208e-02  1.19953573e-01
 -2.36177474e-01  1.37175992e-01 -7.28701800e-02  5.40617645e-01
  6.82008453e-03  5.69713295e-01 -5.76264679e-01  4.48223352e-01]"
2,802.538.09,Turned upside down the bed quickly converts from a low to a high bed.,KURA,Reversible bed,"White,pine",90x200 ,images/objects/802.538.09.jpg,"[ 1.78163856e-01  1.96627632e-01 -5.64184785e-02 -1.45178705e-01
 -4.98381257e-02  1.00904614e-01 -2.73030363e-02 -7.73219824e-01
  5.13745472e-02 -4.25024301e-01  2.05193132e-01  5.01129508e-01
  1.91488221e-01 -1.46635801e-01 -4.13972139e-01 -4.95509803e-03
 -3.95800114e-01  1.79900616e-01 -2.10884765e-01  1.48025960e-01
 -2.48641431e-01 -1.44992173e-01 -3.30625251e-02  6.27567992e-02
 -6.06681667e-02  5.86807132e-02 -1.47330463e-01  9.02749375e-02
  2.05777615e-01  4.16738763e-02 -3.18076253e-01  2.08285525e-01
 -6.67229295e-03  5.53601235e-03 -5.24756312e-01  2.74703413e-01
  7.77181238e-03 -3.20149302e-01 -2.52426177e-01 -1.35458127e-01
  4.86082315e-01 -8.69714618e-02 -2.55450159e-01 -2.73269087e-01
  1.98314324e-01 -1.02102526e-01  1.42933905e-01  2.40045488e-01
  1.68001652e-02 -2.59950191e-01  1.71221688e-01 -2.64162540e-01
 -1.57734007e-01  4.99640107e-01 -1.15480714e-01  2.99411565e-01
 -6.38211370e-02 -4.99667943e-01 -4.01092082e-01  2.02584371e-01
  1.58845693e-01  1.06009476e-01 -1.74762845e-01  5.26548147e-01
  3.73768389e-01  2.12301731e-01  3.51698458e-01  1.10242084e-01
 -5.72768375e-02 -2.17228085e-01  3.01511019e-01 -1.96337268e-01
 -1.47398025e-01  1.81678623e-01  4.40350249e-02 -1.38996512e-01
  1.22376800e-01 -6.63281754e-02  2.96403654e-02 -3.36698443e-01
 -5.32430351e-01 -1.29807770e-01  6.08807057e-02  4.85844910e-03
 -1.64425522e-01  8.40622932e-02  4.28083658e-01 -1.48249567e-01
 -5.67047715e-01  3.23987275e-01  2.15427801e-02 -1.20812222e-01
 -9.66391087e-01  1.42741501e-02 -3.50844383e-01  1.70913145e-01
  2.59015173e-01 -9.57340300e-02 -1.09582148e-01 -1.41295120e-01
 -4.66417819e-02  4.00400281e-01  2.53600627e-01  1.98000357e-01
  7.79089853e-02  4.12605494e-01  1.63376927e-02 -9.65870172e-02
 -5.90302646e-02 -3.04059774e-01  9.70539525e-02  1.79169253e-01
  1.74645871e-01 -3.18274736e-01 -2.92030394e-01 -7.22281486e-02
  1.77526847e-01  2.45104969e-01  1.56179011e-01  1.74611628e-01
 -2.52855420e-02 -8.74516606e-01 -5.66230342e-02  1.85989529e-01
 -4.38428074e-02 -1.50730044e-01 -1.85083151e-01 -2.00596511e-01
  1.34737685e-01  1.86496913e-01  2.78038085e-02  2.21006870e-02
 -1.58527151e-01  4.65679836e+00 -2.88124025e-01 -2.13910602e-02
 -2.18434364e-01  3.30189735e-01 -3.79603505e-01 -1.92938894e-01
 -3.00162792e-01 -1.96272343e-01 -1.31510496e-02  2.22026587e-01
 -2.61164874e-01 -3.77542138e-01 -2.56897062e-01 -3.34878922e-01
 -2.19851099e-02  9.60593373e-02 -5.13938546e-01  1.66735515e-01
  1.31776333e-02  1.36642501e-01  1.64565846e-01 -3.17595929e-01
  2.37606570e-01 -4.57208842e-01  1.87345698e-01 -9.53931361e-03
  1.47932604e-01 -1.70364171e-01  3.08137745e-01 -3.83439623e-02
 -1.78934038e-01  2.18945727e-01 -2.69339588e-02  4.98072095e-02
  1.50373176e-01  3.81064951e-01  2.12552696e-01  1.26612544e-01
 -4.05080896e-03 -2.13444233e-02 -2.53170639e-01 -2.95627207e-01
  2.20762849e-01 -2.03398436e-01 -2.37298667e-01 -1.77765951e-01
 -2.32442379e-01  8.71641189e-02 -2.33450592e-01 -3.75858545e-01
 -1.46792203e-01  5.05189002e-01  4.46610332e-01  8.14234540e-02
  1.79729134e-01  1.45990387e-01 -1.30309016e-01  1.52254105e-01
  2.32323021e-01 -3.59541088e-01 -5.78177050e-02 -7.91914389e-02
  2.77257264e-01  3.12748700e-01 -3.49334240e-01  2.40121037e-02
 -9.41726565e-02  2.17444971e-02 -8.82313997e-02 -3.76563780e-02
 -2.58334279e-01  3.94459933e-01  1.05863191e-01  3.35040152e-01
 -7.23930448e-03 -4.93894219e-02  3.41096610e-01  1.06989115e-01
  2.20490992e-03  1.69777572e-01 -5.54134130e-01  1.66527778e-01
 -5.00086918e-02 -1.37283131e-01  5.23457646e-01 -7.10846335e-02
  3.46481919e-01  3.91373307e-01 -2.94435233e-01  5.35292029e-01
 -3.88902426e-02 -1.60407707e-01  3.20377536e-02 -1.43238440e-01
  3.72174084e-02 -1.21707648e-01 -6.06668651e-01 -1.38080403e-01
 -2.29324698e-01  1.97422504e-01 -4.80709299e-02 -1.04237199e-02
 -1.86461151e-01 -2.09393501e-02 -3.10127169e-01 -4.37005281e-01
  1.16263054e-01 -9.31084156e-03  9.58894789e-02 -1.47679478e-01
 -1.02940723e-01  5.43092132e-01  2.52188742e-01 -1.97276399e-01
 -9.40769911e-03  4.28371549e-01 -3.20128411e-01  3.17856073e-02
  4.01374251e-01 -1.41187534e-01  3.82081628e-01 -3.18594873e-02
 -1.20226666e-01  1.28942385e-01 -1.10952578e-01 -1.04057431e-01
 -5.64903557e-01  1.66631863e-01  1.50522724e-01  1.21044680e-01
 -1.25158265e-01  2.15663016e-02  3.32533777e-01  4.33526188e-02
 -2.96863079e-01  8.43641162e-02 -4.44874316e-02 -2.16406345e-01
 -1.13995552e-01 -3.35424960e-01 -4.52424765e-01  4.95709330e-02
  6.52963743e-02  2.02549383e-01 -3.05708706e-01  1.82527810e-01
  2.34728605e-01 -3.41125697e-01 -1.47366196e-01  1.12342671e-01
  1.62974060e-01 -1.30930305e-01 -1.28413886e-01 -2.41718456e-01
  5.88192225e-01  4.21512991e-01 -5.08282483e-02 -2.43625045e-01
  4.24538612e-01  1.12586357e-01  1.86827973e-01  2.33192831e-01
 -2.71328241e-01  3.44669729e-01 -4.26619589e-01 -2.26510346e-01
 -3.15055192e-01 -8.25881064e-02 -1.50710598e-01  6.51881933e-01
  5.43647885e-01  5.55995703e-02 -8.30459073e-02  2.98566371e-02
 -4.61229891e-01 -4.29706216e-01  9.87707227e-02  3.09586376e-01
  4.65433407e+00 -2.48616099e-01 -3.87506008e-01 -1.03779763e-01
  8.04102421e-03 -1.79872453e-01  2.69355178e-01 -4.39436823e-01
 -2.17398137e-01  4.51258481e-01 -4.39419210e-01 -2.75467098e-01
 -5.75772226e-02 -2.40293190e-01 -2.91324198e-01 -1.07424751e-01
  4.42951679e-01 -1.50691390e+00 -7.52697140e-02  2.38809317e-01
  1.12393312e-01 -2.65696645e-01 -1.77021563e-01  1.79235533e-01
 -9.54120979e-02 -5.33849746e-02  1.87064022e-01 -3.05561870e-02
 -1.17457546e-01  7.66939521e-02  3.87396038e-01 -3.82579297e-01
  1.24307349e-02  4.57506835e-01  3.68394554e-01  3.66681516e-01
 -5.33206820e-01 -4.43961561e-01  2.20562696e-01 -1.69183820e-01
 -4.26294714e-01  1.76891387e-02 -7.54777193e-02 -4.18899029e-01
 -1.30429283e-01  7.48961195e-02  2.97927737e-01  3.53210941e-02
 -2.01726079e-01 -2.05836743e-01 -7.70870149e-02 -2.42526114e-01
 -9.20694321e-02 -1.59095421e-01  3.43067050e-02  1.83562398e-01
 -8.57639909e-02  2.30591327e-01  3.05889308e-01  1.63298965e-01
 -1.05146490e-01  1.44753009e-01  5.48070744e-02  2.35373110e-01
  1.88489184e-02 -5.80397248e-03  5.96206784e-02 -1.07281134e-01
  2.42477328e-01  6.24620914e-02  4.36799645e-01 -1.21485509e-01
  1.93435833e-01  1.16922274e-01  1.13998801e-01  2.94091105e-02
  1.19394315e-02 -1.46847948e-01  8.68232548e-03  3.03809106e-01
  9.85151753e-02 -7.94080645e-03  3.66414845e-01  3.66061270e-01
  2.56411761e-01 -3.09793979e-01 -1.26847565e-01  2.14575350e-01
  4.03112292e-01 -2.78478831e-01  5.43153822e-01 -3.59348804e-01
 -4.78684068e-01  1.03323251e-01  2.43896037e-01  2.04284221e-01
 -1.96254924e-01  1.83974758e-01  4.59490627e-01  1.79166585e-01
  2.08084539e-01  3.68112803e-01  4.68485951e-01 -2.48000026e-03
 -1.17444776e-01 -1.62160665e-01  5.62639758e-02 -7.02389598e-01
  3.32980037e-01 -2.18131602e-01  6.41359091e-02 -1.75877780e-01
  2.02599883e-01 -3.56569976e-01  6.27943873e-02 -5.18635772e-02
  6.39245957e-02  3.19472328e-02 -1.48030818e-01  4.41096842e-01
 -2.88709998e-01 -8.82195085e-02 -2.67068446e-02  2.34165728e-01
  2.24619001e-01 -3.00289840e-01  5.15514910e-02  4.49337304e-01
  2.57944204e-02  1.76467836e-01 -5.89655340e-02 -9.18031633e-02
 -8.87466520e-02  2.53601223e-01 -1.93316877e-01 -3.45040143e-01
 -2.68665314e-01 -1.76079571e-03 -1.53396234e-01  7.85745159e-02
  4.57861573e-02  1.31941289e-01  3.34981531e-01 -7.05400482e-02
 -1.53636500e-01  2.11690173e-01  3.88972461e-02  4.95694667e-01
 -3.47226560e-02 -1.13535643e-01  3.37771207e-01 -4.58785772e-01
 -7.12202415e-02  2.34317243e-01 -2.37578422e-01 -1.49852276e-01
  2.41511464e-01  2.71719731e-02 -1.98355377e-01 -1.09225273e-01
  4.01313677e-02 -3.49745899e-03 -2.54954934e-01  1.95080549e-01
 -1.89894624e-02  1.59666687e-01 -3.79622459e-01 -3.22746038e-01
  2.02971436e-02 -2.72388071e-01  7.74172693e-02  2.42600843e-01
  2.97845513e-01  2.68420875e-01 -5.62141716e-01 -3.67271990e-01
 -2.31249258e-02  3.75110716e-01  4.18980956e-01 -6.53524250e-02
 -7.52756447e-02  9.14658487e-01  1.98496312e-01 -5.56457639e-01
  1.86688453e-01  6.80274591e-02  6.57609105e-03 -2.68976122e-01
 -4.80030626e-01  1.65829569e-01 -1.54972106e-01  2.48285115e-01
  5.36085814e-02  4.23482537e-01 -1.45446017e-01  7.71842360e-01
  2.37859964e-01  1.34770438e-01 -2.83847660e-01 -2.94245332e-01]","[-9.16558430e-02  1.38677627e-01  9.78237092e-02  1.65967554e-01
 -3.51474196e-01  5.68372309e-02  2.22646922e-01 -4.09565389e-01
 -1.04075536e-01 -7.40105137e-02 -5.68347089e-02 -1.69978440e-02
  1.47842616e-01 -1.22664995e-01 -2.68352181e-02 -1.99076161e-01
 -2.14977980e-01  4.04873490e-03 -1.03464983e-01  4.68873918e-01
 -1.15198707e-02 -2.98001021e-01 -7.80780017e-02  1.94566280e-01
  1.22135803e-01 -3.56040478e-01 -9.61382091e-02 -8.82384777e-02
 -1.11683115e-01 -3.42964232e-02 -3.66279572e-01  1.59507573e-01
  1.61966652e-01  2.41826624e-01 -6.52709246e-01  3.66494730e-02
 -1.82572037e-01 -1.31143227e-01 -3.70573044e-01 -1.02117442e-01
 -1.46001130e-01  3.33232284e-01  8.97326320e-03 -7.41012543e-02
  1.99653044e-01 -1.87810272e-01  1.06879406e-01  1.85236990e-01
  2.78617144e-01  2.56176770e-01 -1.05328240e-01 -3.38467658e-01
  3.86640191e-01  3.59151036e-01  5.69116846e-02 -1.88687369e-02
 -1.14455231e-01 -6.49359003e-02 -5.80197453e-01  1.54615253e-01
 -2.33491480e-01 -2.50413239e-01 -5.36659472e-02 -1.84185833e-01
  3.89477968e-01  2.00994849e-01  8.69673371e-01  3.67522299e-01
 -1.72400266e-01 -1.80961788e-01  3.91155124e-01  5.19551449e-02
 -1.28826067e-01  4.56858188e-01  3.98132175e-01  4.70384419e-01
 -1.33077174e-01  1.96849614e-01 -4.22640443e-02 -2.23414302e-01
 -4.58434910e-01 -5.59562445e-02  4.07185137e-01 -2.57363558e-01
  2.00226698e-02  4.50257003e-01  2.08566219e-01 -3.23260576e-03
 -5.53965569e-01 -1.91803604e-01 -2.87298337e-02  5.65541573e-02
 -6.25495136e-01  4.84645009e-01 -3.35938871e-01 -2.08737046e-01
  9.80851650e-02 -1.54110789e-03 -4.35242236e-01  8.53902996e-02
  1.84971973e-01  4.59271073e-02  8.48404020e-02  8.08925107e-02
  4.07232344e-03  5.04267275e-01 -1.97841078e-02  1.31925866e-02
 -3.03246498e-01 -2.97826350e-01 -1.34568974e-01  2.41688669e-01
  2.77721658e-02 -2.25403547e-01 -1.72923669e-01 -3.48606795e-01
 -5.25423959e-02  2.58768648e-02  1.63928092e-01  3.82961601e-01
  9.90752727e-02 -4.58557397e-01 -2.63054043e-01 -6.85482025e-02
  5.24273515e-03 -3.14548969e-01  3.12398821e-01 -1.94465801e-01
  3.97334576e-01  1.35949492e-01  6.37660176e-03 -8.07531103e-02
 -1.70770377e-01  3.24135733e+00 -1.28228873e-01  5.13428152e-01
  1.96674824e-01  5.58945239e-01 -7.25736097e-02 -9.90061909e-02
 -2.74999201e-01 -2.48575047e-01  1.24881491e-01  1.86168671e-01
 -3.84621143e-01 -6.92389756e-02 -3.64862859e-01 -4.46660310e-01
  1.37752250e-01  4.81981672e-02 -2.95295805e-01  8.22494179e-03
 -1.38003632e-01 -2.08664283e-01  2.28793353e-01 -2.29698747e-01
  3.78671765e-01 -6.33572638e-02  3.21410239e-01  7.44455457e-02
 -1.69947624e-01  2.78401673e-01  2.60926634e-01 -1.81532755e-01
 -1.31320983e-01  1.54737890e-01  1.13448679e-01 -1.78207815e-01
  2.94851437e-02  4.09667753e-03 -3.61482538e-02 -2.07153648e-01
  5.68863690e-01  2.74813741e-01  9.31856781e-02 -4.15581703e-01
  6.42693579e-01  5.31260073e-02 -1.76845074e-01 -2.43135780e-01
 -2.98191249e-01  3.87092978e-02 -3.42516243e-01 -3.73540193e-01
 -6.13294467e-02  1.59941003e-01  7.15975165e-02  3.52697551e-01
  3.84643674e-04  2.18718350e-01 -3.53648692e-01  4.54198837e-01
 -5.77102423e-01 -4.83033359e-01 -2.08007708e-01 -2.84888595e-02
 -1.31516755e-02  1.78424954e-01 -4.15267497e-01 -1.82438627e-01
 -1.67102441e-01 -2.25173935e-01 -2.65078247e-01 -7.76871592e-02
  1.64919943e-02  4.71689850e-01 -8.05776045e-02  1.75562561e-01
 -6.58719391e-02 -3.37764978e-01  4.28566933e-01  5.35558879e-01
 -1.77019209e-01 -4.31897938e-01 -2.57932901e-01 -8.50861594e-02
 -2.03815952e-01  1.71770722e-01  5.57936966e-01  3.94357324e-01
  3.24711442e-01  2.93310046e-01 -1.49528623e-01  2.22442746e-02
  3.36502135e-01 -2.02963620e-01  2.78622061e-02 -1.47506043e-01
  1.38153195e-01  8.47803056e-02 -7.98732936e-02  1.01628706e-01
 -2.59026736e-01  3.65102887e-01 -4.52060610e-01  1.72587514e-01
 -3.85090336e-02  9.14494842e-02  7.39116967e-03 -9.35629606e-02
 -1.19300425e-01 -6.49994314e-02 -7.41506517e-02  1.63684666e-01
  1.13468714e-01  3.06975812e-01  3.29366833e-01  1.21432468e-01
 -3.04829776e-02  3.51996988e-01 -1.66925713e-01  4.34138387e-01
  1.08153895e-01 -2.76877284e-01 -1.45465791e-01  1.65832311e-01
  2.26191878e-01  7.25941211e-02  9.71895456e-02 -1.59186929e-01
 -5.76926231e-01 -2.94057190e-01  5.42581379e-02  3.75425220e-02
 -3.49834889e-01 -4.85953689e-02 -2.91492403e-01  9.58614498e-02
  1.99651778e-01  1.26830339e-01 -2.38973647e-02 -2.72158593e-01
 -5.33583879e-01  9.63185728e-03 -2.51304984e-01  5.41344881e-01
  3.93226206e-01 -2.25531608e-01  2.39421248e-01 -4.32739630e-02
  3.92997921e-01 -1.84001178e-01 -1.62631363e-01  2.12850392e-01
  5.40723681e-01 -8.52570236e-02 -3.92523259e-02  1.31780401e-01
  3.24381381e-01  1.28103659e-01 -3.88312459e-01 -1.69711411e-02
  1.81574643e-01 -4.43218440e-01 -1.79389253e-01  1.14062883e-01
 -2.85294294e-01  3.40307832e-01 -3.89355928e-01  7.88546503e-02
  1.47677213e-01 -1.12922944e-01 -1.45022988e-01  2.16486722e-01
  4.79106784e-01 -2.61554480e-01  5.53544387e-02 -2.20253959e-01
 -3.35819453e-01 -5.00453174e-01  1.73268706e-01  2.08432361e-01
  3.24117470e+00 -1.90434083e-02  4.89287786e-02  5.83415478e-02
  2.80090630e-01  1.90838918e-01 -1.52467042e-01 -6.68194354e-01
  7.65960962e-02  3.68644863e-01 -2.39898413e-01 -3.86458308e-01
 -2.37328023e-01 -8.20760801e-02  1.85313195e-01 -1.38887644e-01
  1.66487455e-01 -5.21075308e-01 -1.98314458e-01  5.00215590e-01
  2.76698619e-01 -5.52928686e-01  1.74774572e-01 -5.45527190e-02
 -2.51154840e-01  2.04741955e-01  2.83196509e-01  4.90903318e-01
 -1.47835314e-01 -3.39962393e-01  5.56888521e-01 -5.95766529e-02
 -1.63811654e-01  1.61493197e-01  5.03887117e-01  1.11732796e-01
 -1.55769721e-01 -2.00832427e-01  3.55768576e-02  1.50688320e-01
 -2.91712135e-01 -1.62843063e-01 -6.71318918e-02 -3.27150851e-01
 -1.71747327e-01 -1.60419941e-01 -1.82474941e-01 -4.63688314e-01
 -3.73016745e-01 -6.69657439e-02 -7.62987286e-02 -4.49875370e-02
 -2.81665266e-01 -6.04596674e-01  1.79890007e-01  2.50476331e-01
 -1.72530398e-01 -7.11262673e-02  1.51040420e-01  1.56215519e-01
  1.16320379e-01  1.30530015e-01  1.83870140e-02  2.41906211e-01
 -3.67426649e-02  9.80059206e-02  5.75077794e-02  1.15712434e-02
 -6.77664578e-03  1.17105730e-01  4.96844053e-02  3.29707026e-01
  2.55036086e-01  5.05673766e-01  2.23677129e-01 -2.10945308e-03
  4.05498981e-01  6.29289746e-02 -3.55748862e-01  4.87572551e-01
  1.19006366e-01 -7.43527114e-02  4.46248084e-01  3.61717582e-01
 -1.28440112e-01 -4.16356981e-01 -4.31704879e-01  2.09277049e-01
  2.91168213e-01 -1.59046322e-01  6.15529954e-01 -1.33296236e-01
 -2.93072701e-01 -9.86324847e-02 -9.94073749e-02 -5.95240146e-02
 -6.41768575e-01  3.66791606e-01 -2.17704326e-02 -2.54549161e-02
  2.80879647e-01 -1.65052280e-01  2.61374891e-01  2.19396353e-01
 -4.11460936e-01 -2.08942428e-01  1.08479001e-01 -6.00533783e-02
 -1.29780650e-01 -1.70318276e-01 -8.98576081e-02 -6.90333247e-01
  5.08258462e-01 -1.14515096e-01  8.11640620e-02 -5.08593976e-01
 -1.87938988e-01 -2.08645672e-01 -3.02733064e-01 -6.66036606e-02
  4.83624637e-01 -8.22603405e-02 -1.10903181e-01  2.46041551e-01
 -6.76166043e-02 -1.66338101e-01 -5.34008667e-02 -2.59999037e-02
  1.18457943e-01  3.42888534e-01 -5.01510918e-01  1.62637159e-01
  1.50084108e-01  1.04391955e-01 -2.08923921e-01 -1.69821471e-01
 -1.52932212e-01  9.39055309e-02 -4.06854212e-01  3.30225796e-01
  2.93351293e-01  2.12869316e-01  1.59497857e-01 -9.09140781e-02
  3.19257140e-01  4.32755142e-01  1.20788731e-01  1.39533237e-01
  1.23894379e-01  4.46332842e-02  4.28388357e-01  2.70691544e-01
  9.11655128e-02 -5.41855097e-02 -1.56194240e-01 -3.88980806e-02
  4.55579221e-01  3.34612191e-01  2.90262431e-01 -4.21978623e-01
 -1.52032495e-01  3.69856417e-01 -1.86403602e-01 -2.27627754e-01
 -1.65888950e-01 -5.10230102e-02 -1.87897056e-01 -7.79858232e-02
  2.01566815e-01 -1.31878749e-01  2.67748356e-01  3.27414632e-01
  2.92140972e-02  1.97721630e-01 -1.26150221e-01 -3.93718958e-01
  1.43290386e-02  1.72696903e-01  4.10100371e-01  1.95477203e-01
  2.49255300e-01  1.05996203e+00  1.14898935e-01 -1.39253378e-01
 -1.33829206e-01 -1.42681479e-01  1.82698935e-01 -1.24279186e-01
 -7.13306844e-01  1.29091829e-01  2.54415989e-01  2.62499630e-01
  6.97568119e-01  4.70843315e-02  4.92047966e-02  2.06706628e-01
  2.89723516e-01  4.75457489e-01 -4.72307980e-01 -2.74203390e-01]"
1,802.538.09,Turned upside down the bed quickly converts from a low to a high bed.,KURA,Reversible bed,"White,pine",90x200 ,images/objects/802.538.09.jpg,"[ 1.78163856e-01  1.96627632e-01 -5.64184785e-02 -1.45178705e-01
 -4.98381257e-02  1.00904614e-01 -2.73030363e-02 -7.73219824e-01
  5.13745472e-02 -4.25024301e-01  2.05193132e-01  5.01129508e-01
  1.91488221e-01 -1.46635801e-01 -4.13972139e-01 -4.95509803e-03
 -3.95800114e-01  1.79900616e-01 -2.10884765e-01  1.48025960e-01
 -2.48641431e-01 -1.44992173e-01 -3.30625251e-02  6.27567992e-02
 -6.06681667e-02  5.86807132e-02 -1.47330463e-01  9.02749375e-02
  2.05777615e-01  4.16738763e-02 -3.18076253e-01  2.08285525e-01
 -6.67229295e-03  5.53601235e-03 -5.24756312e-01  2.74703413e-01
  7.77181238e-03 -3.20149302e-01 -2.52426177e-01 -1.35458127e-01
  4.86082315e-01 -8.69714618e-02 -2.55450159e-01 -2.73269087e-01
  1.98314324e-01 -1.02102526e-01  1.42933905e-01  2.40045488e-01
  1.68001652e-02 -2.59950191e-01  1.71221688e-01 -2.64162540e-01
 -1.57734007e-01  4.99640107e-01 -1.15480714e-01  2.99411565e-01
 -6.38211370e-02 -4.99667943e-01 -4.01092082e-01  2.02584371e-01
  1.58845693e-01  1.06009476e-01 -1.74762845e-01  5.26548147e-01
  3.73768389e-01  2.12301731e-01  3.51698458e-01  1.10242084e-01
 -5.72768375e-02 -2.17228085e-01  3.01511019e-01 -1.96337268e-01
 -1.47398025e-01  1.81678623e-01  4.40350249e-02 -1.38996512e-01
  1.22376800e-01 -6.63281754e-02  2.96403654e-02 -3.36698443e-01
 -5.32430351e-01 -1.29807770e-01  6.08807057e-02  4.85844910e-03
 -1.64425522e-01  8.40622932e-02  4.28083658e-01 -1.48249567e-01
 -5.67047715e-01  3.23987275e-01  2.15427801e-02 -1.20812222e-01
 -9.66391087e-01  1.42741501e-02 -3.50844383e-01  1.70913145e-01
  2.59015173e-01 -9.57340300e-02 -1.09582148e-01 -1.41295120e-01
 -4.66417819e-02  4.00400281e-01  2.53600627e-01  1.98000357e-01
  7.79089853e-02  4.12605494e-01  1.63376927e-02 -9.65870172e-02
 -5.90302646e-02 -3.04059774e-01  9.70539525e-02  1.79169253e-01
  1.74645871e-01 -3.18274736e-01 -2.92030394e-01 -7.22281486e-02
  1.77526847e-01  2.45104969e-01  1.56179011e-01  1.74611628e-01
 -2.52855420e-02 -8.74516606e-01 -5.66230342e-02  1.85989529e-01
 -4.38428074e-02 -1.50730044e-01 -1.85083151e-01 -2.00596511e-01
  1.34737685e-01  1.86496913e-01  2.78038085e-02  2.21006870e-02
 -1.58527151e-01  4.65679836e+00 -2.88124025e-01 -2.13910602e-02
 -2.18434364e-01  3.30189735e-01 -3.79603505e-01 -1.92938894e-01
 -3.00162792e-01 -1.96272343e-01 -1.31510496e-02  2.22026587e-01
 -2.61164874e-01 -3.77542138e-01 -2.56897062e-01 -3.34878922e-01
 -2.19851099e-02  9.60593373e-02 -5.13938546e-01  1.66735515e-01
  1.31776333e-02  1.36642501e-01  1.64565846e-01 -3.17595929e-01
  2.37606570e-01 -4.57208842e-01  1.87345698e-01 -9.53931361e-03
  1.47932604e-01 -1.70364171e-01  3.08137745e-01 -3.83439623e-02
 -1.78934038e-01  2.18945727e-01 -2.69339588e-02  4.98072095e-02
  1.50373176e-01  3.81064951e-01  2.12552696e-01  1.26612544e-01
 -4.05080896e-03 -2.13444233e-02 -2.53170639e-01 -2.95627207e-01
  2.20762849e-01 -2.03398436e-01 -2.37298667e-01 -1.77765951e-01
 -2.32442379e-01  8.71641189e-02 -2.33450592e-01 -3.75858545e-01
 -1.46792203e-01  5.05189002e-01  4.46610332e-01  8.14234540e-02
  1.79729134e-01  1.45990387e-01 -1.30309016e-01  1.52254105e-01
  2.32323021e-01 -3.59541088e-01 -5.78177050e-02 -7.91914389e-02
  2.77257264e-01  3.12748700e-01 -3.49334240e-01  2.40121037e-02
 -9.41726565e-02  2.17444971e-02 -8.82313997e-02 -3.76563780e-02
 -2.58334279e-01  3.94459933e-01  1.05863191e-01  3.35040152e-01
 -7.23930448e-03 -4.93894219e-02  3.41096610e-01  1.06989115e-01
  2.20490992e-03  1.69777572e-01 -5.54134130e-01  1.66527778e-01
 -5.00086918e-02 -1.37283131e-01  5.23457646e-01 -7.10846335e-02
  3.46481919e-01  3.91373307e-01 -2.94435233e-01  5.35292029e-01
 -3.88902426e-02 -1.60407707e-01  3.20377536e-02 -1.43238440e-01
  3.72174084e-02 -1.21707648e-01 -6.06668651e-01 -1.38080403e-01
 -2.29324698e-01  1.97422504e-01 -4.80709299e-02 -1.04237199e-02
 -1.86461151e-01 -2.09393501e-02 -3.10127169e-01 -4.37005281e-01
  1.16263054e-01 -9.31084156e-03  9.58894789e-02 -1.47679478e-01
 -1.02940723e-01  5.43092132e-01  2.52188742e-01 -1.97276399e-01
 -9.40769911e-03  4.28371549e-01 -3.20128411e-01  3.17856073e-02
  4.01374251e-01 -1.41187534e-01  3.82081628e-01 -3.18594873e-02
 -1.20226666e-01  1.28942385e-01 -1.10952578e-01 -1.04057431e-01
 -5.64903557e-01  1.66631863e-01  1.50522724e-01  1.21044680e-01
 -1.25158265e-01  2.15663016e-02  3.32533777e-01  4.33526188e-02
 -2.96863079e-01  8.43641162e-02 -4.44874316e-02 -2.16406345e-01
 -1.13995552e-01 -3.35424960e-01 -4.52424765e-01  4.95709330e-02
  6.52963743e-02  2.02549383e-01 -3.05708706e-01  1.82527810e-01
  2.34728605e-01 -3.41125697e-01 -1.47366196e-01  1.12342671e-01
  1.62974060e-01 -1.30930305e-01 -1.28413886e-01 -2.41718456e-01
  5.88192225e-01  4.21512991e-01 -5.08282483e-02 -2.43625045e-01
  4.24538612e-01  1.12586357e-01  1.86827973e-01  2.33192831e-01
 -2.71328241e-01  3.44669729e-01 -4.26619589e-01 -2.26510346e-01
 -3.15055192e-01 -8.25881064e-02 -1.50710598e-01  6.51881933e-01
  5.43647885e-01  5.55995703e-02 -8.30459073e-02  2.98566371e-02
 -4.61229891e-01 -4.29706216e-01  9.87707227e-02  3.09586376e-01
  4.65433407e+00 -2.48616099e-01 -3.87506008e-01 -1.03779763e-01
  8.04102421e-03 -1.79872453e-01  2.69355178e-01 -4.39436823e-01
 -2.17398137e-01  4.51258481e-01 -4.39419210e-01 -2.75467098e-01
 -5.75772226e-02 -2.40293190e-01 -2.91324198e-01 -1.07424751e-01
  4.42951679e-01 -1.50691390e+00 -7.52697140e-02  2.38809317e-01
  1.12393312e-01 -2.65696645e-01 -1.77021563e-01  1.79235533e-01
 -9.54120979e-02 -5.33849746e-02  1.87064022e-01 -3.05561870e-02
 -1.17457546e-01  7.66939521e-02  3.87396038e-01 -3.82579297e-01
  1.24307349e-02  4.57506835e-01  3.68394554e-01  3.66681516e-01
 -5.33206820e-01 -4.43961561e-01  2.20562696e-01 -1.69183820e-01
 -4.26294714e-01  1.76891387e-02 -7.54777193e-02 -4.18899029e-01
 -1.30429283e-01  7.48961195e-02  2.97927737e-01  3.53210941e-02
 -2.01726079e-01 -2.05836743e-01 -7.70870149e-02 -2.42526114e-01
 -9.20694321e-02 -1.59095421e-01  3.43067050e-02  1.83562398e-01
 -8.57639909e-02  2.30591327e-01  3.05889308e-01  1.63298965e-01
 -1.05146490e-01  1.44753009e-01  5.48070744e-02  2.35373110e-01
  1.88489184e-02 -5.80397248e-03  5.96206784e-02 -1.07281134e-01
  2.42477328e-01  6.24620914e-02  4.36799645e-01 -1.21485509e-01
  1.93435833e-01  1.16922274e-01  1.13998801e-01  2.94091105e-02
  1.19394315e-02 -1.46847948e-01  8.68232548e-03  3.03809106e-01
  9.85151753e-02 -7.94080645e-03  3.66414845e-01  3.66061270e-01
  2.56411761e-01 -3.09793979e-01 -1.26847565e-01  2.14575350e-01
  4.03112292e-01 -2.78478831e-01  5.43153822e-01 -3.59348804e-01
 -4.78684068e-01  1.03323251e-01  2.43896037e-01  2.04284221e-01
 -1.96254924e-01  1.83974758e-01  4.59490627e-01  1.79166585e-01
  2.08084539e-01  3.68112803e-01  4.68485951e-01 -2.48000026e-03
 -1.17444776e-01 -1.62160665e-01  5.62639758e-02 -7.02389598e-01
  3.32980037e-01 -2.18131602e-01  6.41359091e-02 -1.75877780e-01
  2.02599883e-01 -3.56569976e-01  6.27943873e-02 -5.18635772e-02
  6.39245957e-02  3.19472328e-02 -1.48030818e-01  4.41096842e-01
 -2.88709998e-01 -8.82195085e-02 -2.67068446e-02  2.34165728e-01
  2.24619001e-01 -3.00289840e-01  5.15514910e-02  4.49337304e-01
  2.57944204e-02  1.76467836e-01 -5.89655340e-02 -9.18031633e-02
 -8.87466520e-02  2.53601223e-01 -1.93316877e-01 -3.45040143e-01
 -2.68665314e-01 -1.76079571e-03 -1.53396234e-01  7.85745159e-02
  4.57861573e-02  1.31941289e-01  3.34981531e-01 -7.05400482e-02
 -1.53636500e-01  2.11690173e-01  3.88972461e-02  4.95694667e-01
 -3.47226560e-02 -1.13535643e-01  3.37771207e-01 -4.58785772e-01
 -7.12202415e-02  2.34317243e-01 -2.37578422e-01 -1.49852276e-01
  2.41511464e-01  2.71719731e-02 -1.98355377e-01 -1.09225273e-01
  4.01313677e-02 -3.49745899e-03 -2.54954934e-01  1.95080549e-01
 -1.89894624e-02  1.59666687e-01 -3.79622459e-01 -3.22746038e-01
  2.02971436e-02 -2.72388071e-01  7.74172693e-02  2.42600843e-01
  2.97845513e-01  2.68420875e-01 -5.62141716e-01 -3.67271990e-01
 -2.31249258e-02  3.75110716e-01  4.18980956e-01 -6.53524250e-02
 -7.52756447e-02  9.14658487e-01  1.98496312e-01 -5.56457639e-01
  1.86688453e-01  6.80274591e-02  6.57609105e-03 -2.68976122e-01
 -4.80030626e-01  1.65829569e-01 -1.54972106e-01  2.48285115e-01
  5.36085814e-02  4.23482537e-01 -1.45446017e-01  7.71842360e-01
  2.37859964e-01  1.34770438e-01 -2.83847660e-01 -2.94245332e-01]","[-9.16558430e-02  1.38677627e-01  9.78237092e-02  1.65967554e-01
 -3.51474196e-01  5.68372309e-02  2.22646922e-01 -4.09565389e-01
 -1.04075536e-01 -7.40105137e-02 -5.68347089e-02 -1.69978440e-02
  1.47842616e-01 -1.22664995e-01 -2.68352181e-02 -1.99076161e-01
 -2.14977980e-01  4.04873490e-03 -1.03464983e-01  4.68873918e-01
 -1.15198707e-02 -2.98001021e-01 -7.80780017e-02  1.94566280e-01
  1.22135803e-01 -3.56040478e-01 -9.61382091e-02 -8.82384777e-02
 -1.11683115e-01 -3.42964232e-02 -3.66279572e-01  1.59507573e-01
  1.61966652e-01  2.41826624e-01 -6.52709246e-01  3.66494730e-02
 -1.82572037e-01 -1.31143227e-01 -3.70573044e-01 -1.02117442e-01
 -1.46001130e-01  3.33232284e-01  8.97326320e-03 -7.41012543e-02
  1.99653044e-01 -1.87810272e-01  1.06879406e-01  1.85236990e-01
  2.78617144e-01  2.56176770e-01 -1.05328240e-01 -3.38467658e-01
  3.86640191e-01  3.59151036e-01  5.69116846e-02 -1.88687369e-02
 -1.14455231e-01 -6.49359003e-02 -5.80197453e-01  1.54615253e-01
 -2.33491480e-01 -2.50413239e-01 -5.36659472e-02 -1.84185833e-01
  3.89477968e-01  2.00994849e-01  8.69673371e-01  3.67522299e-01
 -1.72400266e-01 -1.80961788e-01  3.91155124e-01  5.19551449e-02
 -1.28826067e-01  4.56858188e-01  3.98132175e-01  4.70384419e-01
 -1.33077174e-01  1.96849614e-01 -4.22640443e-02 -2.23414302e-01
 -4.58434910e-01 -5.59562445e-02  4.07185137e-01 -2.57363558e-01
  2.00226698e-02  4.50257003e-01  2.08566219e-01 -3.23260576e-03
 -5.53965569e-01 -1.91803604e-01 -2.87298337e-02  5.65541573e-02
 -6.25495136e-01  4.84645009e-01 -3.35938871e-01 -2.08737046e-01
  9.80851650e-02 -1.54110789e-03 -4.35242236e-01  8.53902996e-02
  1.84971973e-01  4.59271073e-02  8.48404020e-02  8.08925107e-02
  4.07232344e-03  5.04267275e-01 -1.97841078e-02  1.31925866e-02
 -3.03246498e-01 -2.97826350e-01 -1.34568974e-01  2.41688669e-01
  2.77721658e-02 -2.25403547e-01 -1.72923669e-01 -3.48606795e-01
 -5.25423959e-02  2.58768648e-02  1.63928092e-01  3.82961601e-01
  9.90752727e-02 -4.58557397e-01 -2.63054043e-01 -6.85482025e-02
  5.24273515e-03 -3.14548969e-01  3.12398821e-01 -1.94465801e-01
  3.97334576e-01  1.35949492e-01  6.37660176e-03 -8.07531103e-02
 -1.70770377e-01  3.24135733e+00 -1.28228873e-01  5.13428152e-01
  1.96674824e-01  5.58945239e-01 -7.25736097e-02 -9.90061909e-02
 -2.74999201e-01 -2.48575047e-01  1.24881491e-01  1.86168671e-01
 -3.84621143e-01 -6.92389756e-02 -3.64862859e-01 -4.46660310e-01
  1.37752250e-01  4.81981672e-02 -2.95295805e-01  8.22494179e-03
 -1.38003632e-01 -2.08664283e-01  2.28793353e-01 -2.29698747e-01
  3.78671765e-01 -6.33572638e-02  3.21410239e-01  7.44455457e-02
 -1.69947624e-01  2.78401673e-01  2.60926634e-01 -1.81532755e-01
 -1.31320983e-01  1.54737890e-01  1.13448679e-01 -1.78207815e-01
  2.94851437e-02  4.09667753e-03 -3.61482538e-02 -2.07153648e-01
  5.68863690e-01  2.74813741e-01  9.31856781e-02 -4.15581703e-01
  6.42693579e-01  5.31260073e-02 -1.76845074e-01 -2.43135780e-01
 -2.98191249e-01  3.87092978e-02 -3.42516243e-01 -3.73540193e-01
 -6.13294467e-02  1.59941003e-01  7.15975165e-02  3.52697551e-01
  3.84643674e-04  2.18718350e-01 -3.53648692e-01  4.54198837e-01
 -5.77102423e-01 -4.83033359e-01 -2.08007708e-01 -2.84888595e-02
 -1.31516755e-02  1.78424954e-01 -4.15267497e-01 -1.82438627e-01
 -1.67102441e-01 -2.25173935e-01 -2.65078247e-01 -7.76871592e-02
  1.64919943e-02  4.71689850e-01 -8.05776045e-02  1.75562561e-01
 -6.58719391e-02 -3.37764978e-01  4.28566933e-01  5.35558879e-01
 -1.77019209e-01 -4.31897938e-01 -2.57932901e-01 -8.50861594e-02
 -2.03815952e-01  1.71770722e-01  5.57936966e-01  3.94357324e-01
  3.24711442e-01  2.93310046e-01 -1.49528623e-01  2.22442746e-02
  3.36502135e-01 -2.02963620e-01  2.78622061e-02 -1.47506043e-01
  1.38153195e-01  8.47803056e-02 -7.98732936e-02  1.01628706e-01
 -2.59026736e-01  3.65102887e-01 -4.52060610e-01  1.72587514e-01
 -3.85090336e-02  9.14494842e-02  7.39116967e-03 -9.35629606e-02
 -1.19300425e-01 -6.49994314e-02 -7.41506517e-02  1.63684666e-01
  1.13468714e-01  3.06975812e-01  3.29366833e-01  1.21432468e-01
 -3.04829776e-02  3.51996988e-01 -1.66925713e-01  4.34138387e-01
  1.08153895e-01 -2.76877284e-01 -1.45465791e-01  1.65832311e-01
  2.26191878e-01  7.25941211e-02  9.71895456e-02 -1.59186929e-01
 -5.76926231e-01 -2.94057190e-01  5.42581379e-02  3.75425220e-02
 -3.49834889e-01 -4.85953689e-02 -2.91492403e-01  9.58614498e-02
  1.99651778e-01  1.26830339e-01 -2.38973647e-02 -2.72158593e-01
 -5.33583879e-01  9.63185728e-03 -2.51304984e-01  5.41344881e-01
  3.93226206e-01 -2.25531608e-01  2.39421248e-01 -4.32739630e-02
  3.92997921e-01 -1.84001178e-01 -1.62631363e-01  2.12850392e-01
  5.40723681e-01 -8.52570236e-02 -3.92523259e-02  1.31780401e-01
  3.24381381e-01  1.28103659e-01 -3.88312459e-01 -1.69711411e-02
  1.81574643e-01 -4.43218440e-01 -1.79389253e-01  1.14062883e-01
 -2.85294294e-01  3.40307832e-01 -3.89355928e-01  7.88546503e-02
  1.47677213e-01 -1.12922944e-01 -1.45022988e-01  2.16486722e-01
  4.79106784e-01 -2.61554480e-01  5.53544387e-02 -2.20253959e-01
 -3.35819453e-01 -5.00453174e-01  1.73268706e-01  2.08432361e-01
  3.24117470e+00 -1.90434083e-02  4.89287786e-02  5.83415478e-02
  2.80090630e-01  1.90838918e-01 -1.52467042e-01 -6.68194354e-01
  7.65960962e-02  3.68644863e-01 -2.39898413e-01 -3.86458308e-01
 -2.37328023e-01 -8.20760801e-02  1.85313195e-01 -1.38887644e-01
  1.66487455e-01 -5.21075308e-01 -1.98314458e-01  5.00215590e-01
  2.76698619e-01 -5.52928686e-01  1.74774572e-01 -5.45527190e-02
 -2.51154840e-01  2.04741955e-01  2.83196509e-01  4.90903318e-01
 -1.47835314e-01 -3.39962393e-01  5.56888521e-01 -5.95766529e-02
 -1.63811654e-01  1.61493197e-01  5.03887117e-01  1.11732796e-01
 -1.55769721e-01 -2.00832427e-01  3.55768576e-02  1.50688320e-01
 -2.91712135e-01 -1.62843063e-01 -6.71318918e-02 -3.27150851e-01
 -1.71747327e-01 -1.60419941e-01 -1.82474941e-01 -4.63688314e-01
 -3.73016745e-01 -6.69657439e-02 -7.62987286e-02 -4.49875370e-02
 -2.81665266e-01 -6.04596674e-01  1.79890007e-01  2.50476331e-01
 -1.72530398e-01 -7.11262673e-02  1.51040420e-01  1.56215519e-01
  1.16320379e-01  1.30530015e-01  1.83870140e-02  2.41906211e-01
 -3.67426649e-02  9.80059206e-02  5.75077794e-02  1.15712434e-02
 -6.77664578e-03  1.17105730e-01  4.96844053e-02  3.29707026e-01
  2.55036086e-01  5.05673766e-01  2.23677129e-01 -2.10945308e-03
  4.05498981e-01  6.29289746e-02 -3.55748862e-01  4.87572551e-01
  1.19006366e-01 -7.43527114e-02  4.46248084e-01  3.61717582e-01
 -1.28440112e-01 -4.16356981e-01 -4.31704879e-01  2.09277049e-01
  2.91168213e-01 -1.59046322e-01  6.15529954e-01 -1.33296236e-01
 -2.93072701e-01 -9.86324847e-02 -9.94073749e-02 -5.95240146e-02
 -6.41768575e-01  3.66791606e-01 -2.17704326e-02 -2.54549161e-02
  2.80879647e-01 -1.65052280e-01  2.61374891e-01  2.19396353e-01
 -4.11460936e-01 -2.08942428e-01  1.08479001e-01 -6.00533783e-02
 -1.29780650e-01 -1.70318276e-01 -8.98576081e-02 -6.90333247e-01
  5.08258462e-01 -1.14515096e-01  8.11640620e-02 -5.08593976e-01
 -1.87938988e-01 -2.08645672e-01 -3.02733064e-01 -6.66036606e-02
  4.83624637e-01 -8.22603405e-02 -1.10903181e-01  2.46041551e-01
 -6.76166043e-02 -1.66338101e-01 -5.34008667e-02 -2.59999037e-02
  1.18457943e-01  3.42888534e-01 -5.01510918e-01  1.62637159e-01
  1.50084108e-01  1.04391955e-01 -2.08923921e-01 -1.69821471e-01
 -1.52932212e-01  9.39055309e-02 -4.06854212e-01  3.30225796e-01
  2.93351293e-01  2.12869316e-01  1.59497857e-01 -9.09140781e-02
  3.19257140e-01  4.32755142e-01  1.20788731e-01  1.39533237e-01
  1.23894379e-01  4.46332842e-02  4.28388357e-01  2.70691544e-01
  9.11655128e-02 -5.41855097e-02 -1.56194240e-01 -3.88980806e-02
  4.55579221e-01  3.34612191e-01  2.90262431e-01 -4.21978623e-01
 -1.52032495e-01  3.69856417e-01 -1.86403602e-01 -2.27627754e-01
 -1.65888950e-01 -5.10230102e-02 -1.87897056e-01 -7.79858232e-02
  2.01566815e-01 -1.31878749e-01  2.67748356e-01  3.27414632e-01
  2.92140972e-02  1.97721630e-01 -1.26150221e-01 -3.93718958e-01
  1.43290386e-02  1.72696903e-01  4.10100371e-01  1.95477203e-01
  2.49255300e-01  1.05996203e+00  1.14898935e-01 -1.39253378e-01
 -1.33829206e-01 -1.42681479e-01  1.82698935e-01 -1.24279186e-01
 -7.13306844e-01  1.29091829e-01  2.54415989e-01  2.62499630e-01
  6.97568119e-01  4.70843315e-02  4.92047966e-02  2.06706628e-01
  2.89723516e-01  4.75457489e-01 -4.72307980e-01 -2.74203390e-01]"
271,001.024.52,The ladder mounts on the right or the left side of the bed.,MYDAL,Bunk bed frame,Pine,90x200 ,images/objects/001.024.52.jpg,"[ 3.94152999e-02 -2.28916213e-01 -5.94516285e-02 -8.05776715e-02
  2.81739794e-02  2.71823049e-01  2.72991955e-02 -4.79961842e-01
 -1.98455155e-01 -6.23657033e-02  3.82449210e-01 -9.66149569e-03
  6.48265660e-01 -1.53840899e-01  1.35220632e-01  6.04999214e-02
 -1.95684597e-01 -1.59378722e-01 -2.35708237e-01  8.74478966e-02
  2.98704624e-01  1.50114205e-02  5.67648858e-02 -2.30363384e-01
 -2.23529488e-01  3.13456357e-01 -3.25899869e-02 -1.61768615e-01
  2.64061630e-01  7.86731541e-02 -2.13762119e-01  5.51089793e-02
 -8.18347633e-02  1.38581946e-01 -6.23570800e-01  2.54661500e-01
  2.81290561e-02 -3.11206102e-01  1.43046021e-01  5.93940690e-02
 -5.23737073e-02  2.96500325e-03 -2.64113516e-01  1.90803275e-01
  2.67976195e-01 -8.47331658e-02  5.47183901e-02 -6.22364134e-03
 -2.94839561e-01 -3.20991755e-01  6.81249499e-02 -2.59809405e-01
 -7.82469958e-02  2.69167572e-01 -4.89768870e-02  3.09233755e-01
 -2.02537000e-01 -1.95518717e-01 -1.18715167e-02 -3.72843221e-02
 -8.71191546e-02 -1.41503632e-01 -7.38161579e-02  9.48609412e-03
  2.32331648e-01  1.04912512e-01  4.77419704e-01  2.44185120e-01
  7.62114525e-02  3.52750942e-02 -2.62420297e-01 -3.18114787e-01
  1.07274383e-01  2.89896011e-01 -2.18349069e-01  2.50835437e-02
  2.35912025e-01 -1.23001724e-01  2.69119471e-01 -3.49547528e-03
 -4.19550240e-01 -1.34424120e-01  3.88802767e-01  2.52191603e-01
 -4.79070306e-01  4.21827078e-01  1.06821395e-01  2.76883453e-01
  1.22996718e-02  1.65489316e-01  7.63443410e-02  3.49878669e-01
 -1.15994740e+00  6.24034822e-01 -3.11587453e-01  8.47712606e-02
  3.45315814e-01  2.83728689e-02  1.97149590e-02  3.46337445e-03
  1.65470243e-02  3.60754818e-01 -1.66672468e-03  8.08782876e-03
  1.60835147e-01  2.92663686e-02 -2.20610023e-01 -1.83084548e-01
 -4.55440991e-02 -1.09796196e-01 -5.00397265e-01  3.54454219e-01
 -1.34748556e-02 -1.02671415e-01 -5.78892604e-02 -9.65308174e-02
 -2.41831347e-01 -2.50536740e-01 -4.70626384e-01  2.24472567e-01
  3.34481776e-01 -7.10198879e-01 -1.27282664e-01  3.71227205e-01
  4.04532611e-01 -4.46050875e-02 -1.53251842e-01 -2.86912918e-01
 -1.67764202e-01  5.29708147e-01  2.85481185e-01  1.26986757e-01
 -3.54156435e-01  4.90840435e+00 -7.44450837e-02 -1.90860361e-01
 -3.05728078e-01  1.06666923e-01 -1.14534080e-01 -4.85819548e-01
 -4.07885969e-01 -2.44262181e-02 -6.69142455e-02  7.53297389e-01
 -2.89797723e-01 -9.03219283e-02 -1.08288370e-01 -3.77231658e-01
  2.65643746e-01  1.66552603e-01 -1.81394756e-01  9.77455229e-02
  3.28834832e-01 -1.49285644e-01  2.39775658e-01 -6.87202930e-01
 -1.56173185e-01 -7.80033052e-01  4.85459417e-01  2.62663990e-01
  3.35373357e-02 -6.70879334e-02 -1.73421174e-01 -7.65890479e-02
  1.95008636e-01  1.97457969e-01  1.96131095e-01 -2.99468309e-01
  9.35297757e-02 -6.24611564e-02  1.85866967e-01 -3.02169532e-01
  3.35948884e-01 -1.66187197e-01 -6.79253817e-01 -1.21042073e-01
  1.87955394e-01  6.51027113e-02 -8.35194141e-02 -5.42784855e-02
 -4.13245782e-02 -4.93130460e-02 -1.26950115e-01 -1.56003714e-01
 -5.67074493e-02  1.94710687e-01  4.90861647e-02 -1.32941514e-01
  4.60209027e-02  1.82803467e-01 -2.05780417e-01  6.96036443e-02
 -7.55487978e-02 -4.37608600e-01 -1.96645126e-01  2.17991203e-01
 -2.92235613e-02  1.40466377e-01 -5.96962094e-01  1.15243629e-01
  1.53325647e-02 -1.68861866e-01  2.07745761e-01  2.56363302e-02
 -1.37356877e-01 -1.00169331e-03  6.28616065e-02  7.95708001e-02
  5.66133931e-02 -1.67732403e-01 -8.13309625e-02  8.68108869e-03
 -2.15634674e-01  1.44908547e-01 -1.85877413e-01  1.90831363e-01
 -2.99269497e-01 -3.24459374e-01  2.64754117e-01  7.31275231e-03
 -6.75182417e-02  1.04454376e-01 -1.09115601e-01  5.29602468e-02
 -3.22341651e-01 -2.02724591e-01 -3.64937633e-02  3.10003966e-01
  1.67859733e-01  4.22273874e-02 -3.03640038e-01  3.74782979e-01
  6.07581437e-02  1.34746537e-01 -2.21840218e-01  2.55869836e-01
  1.72575384e-01  2.01836497e-01 -8.32550228e-02 -8.46613944e-02
 -3.44674885e-02  2.74575055e-01 -2.75990307e-01  2.43216455e-01
  1.45520478e-01  8.62484217e-01  2.08822757e-01  2.16955319e-01
 -1.11410558e-01  1.57402247e-01 -7.66481161e-02  6.95314258e-02
  1.70039728e-01 -1.95705831e-01 -1.77169934e-01 -1.48013383e-01
 -1.57682061e-01 -3.00161034e-01 -7.45964646e-02  3.06374282e-01
 -4.83163238e-01 -2.46238962e-01  6.66669369e-01  1.27787357e-02
  2.21450031e-02 -5.48636913e-02  9.76941735e-02  1.45536780e-01
 -1.12577736e-01 -5.45945503e-02 -3.14281017e-01  5.54292053e-02
 -1.92650735e-01 -3.81252468e-01  9.43867043e-02 -1.44518316e-01
  1.88761562e-01 -1.40684560e-01  2.78160632e-01 -6.82651252e-02
  5.69158196e-01 -4.14830804e-01 -7.69236535e-02  4.31114048e-01
  1.36532575e-01 -1.37963399e-01 -1.20513052e-01 -9.87934768e-02
  1.35954469e-01  1.32702172e-01  1.07515320e-01  6.10618889e-02
  1.55193180e-01  5.11893570e-01 -2.89329201e-01  5.56417257e-02
 -4.40754473e-01  4.55706567e-03 -3.70530099e-01 -2.27106482e-01
 -4.41483140e-01  1.07389420e-01  5.58572188e-02  1.91589788e-01
  4.45482403e-01 -3.60871255e-01 -5.97589761e-02 -1.82869926e-01
 -1.79977909e-01 -3.36097449e-01 -1.63915455e-01  1.15584373e+00
  4.90514755e+00 -1.23734646e-01  1.31662637e-02  2.58299947e-01
  4.25210655e-01  3.34610999e-01  3.24939132e-01 -1.47137702e-01
  7.07850903e-02  2.86074817e-01 -1.48178041e-02 -3.93825844e-02
 -2.32446328e-01 -1.51966363e-02  4.44273829e-01  4.72119004e-02
  8.60195681e-02 -1.53350544e+00 -1.30865231e-01  1.07373662e-01
 -3.86137605e-01 -5.33074103e-02 -2.85793781e-01  2.70058870e-01
 -1.34647578e-01 -5.08157015e-02  8.20894837e-02  2.67682672e-01
 -1.21406212e-01  2.70941079e-01  4.98657793e-01  9.22135264e-03
  2.58486539e-01 -2.28065535e-01  3.04086745e-01  3.52992177e-01
 -1.41650423e-01 -2.19389915e-01  6.47774994e-01 -1.59902573e-01
 -1.46379828e-01  4.81922925e-02 -3.74661326e-01 -3.39685261e-01
 -5.42513430e-01 -4.00540829e-02  3.25038493e-01  4.45990622e-01
 -3.72588992e-01 -3.07182610e-01  2.24712193e-01 -1.67677283e-01
 -9.35556367e-02 -4.32753175e-01 -1.68549359e-01  4.12991792e-02
 -1.05021976e-01  2.41238922e-02  5.49842827e-02 -1.42628610e-01
 -2.42711902e-02  2.20876634e-01  4.89781201e-02  2.91879445e-01
 -4.12944332e-02 -1.13103241e-02  2.37785190e-01 -1.58563554e-02
 -4.44165021e-01  2.96636581e-01  4.41484451e-01 -1.72550440e-01
  3.60054642e-01  3.31032097e-01 -1.45329252e-01 -9.46612135e-02
 -2.21202165e-01 -1.50575146e-01 -4.31823611e-01  5.60386181e-01
 -1.73733801e-01 -5.32934070e-03  9.52029154e-02  1.26762062e-01
 -2.04517543e-02 -1.19439960e-01 -1.64213747e-01  3.18956137e-01
  3.31681669e-01  8.08766782e-02  6.25543654e-01 -2.52788186e-01
 -1.21304117e-01 -1.79158121e-01  2.13232338e-02  2.27584168e-01
 -8.90430659e-02  5.94488606e-02  6.70032352e-02  8.65131021e-02
 -1.81584582e-02  4.51736033e-01  4.76714492e-01 -4.17904928e-02
 -1.72952026e-01  5.04010394e-02  3.11172605e-02 -3.90995294e-02
 -1.22691788e-01 -2.35037565e-01  1.40029967e-01 -2.24350169e-01
  1.99392796e-01 -3.67515445e-01  1.43566221e-01  6.53421208e-02
 -1.34165972e-01  4.19557273e-01 -2.44729221e-01  5.63431680e-01
 -6.24771044e-02 -1.35777190e-01 -2.58685768e-01 -2.61845171e-01
  2.26594985e-01 -3.70115787e-02 -1.11010186e-01  5.92242628e-02
 -2.61025518e-01  4.37517166e-02 -2.40088165e-01  2.73546129e-01
 -2.96339262e-02  3.41919720e-01  3.07955742e-02 -3.26295078e-01
  1.36556476e-03 -5.64700104e-02  6.70749545e-02 -8.85193050e-03
 -3.06247585e-02  6.70746267e-02  2.78296769e-01 -1.38157129e-01
 -2.50679672e-01  1.35802254e-01 -2.92499065e-02  1.92352057e-01
  5.88567555e-02  5.52446470e-02  5.52938879e-02 -3.78242880e-01
  3.26450706e-01 -1.80109903e-01 -1.23698324e-01 -8.00825208e-02
 -2.64844000e-02  4.14359450e-01  7.57019073e-02  1.34797022e-01
 -4.23852541e-02  2.49142110e-01 -1.36816993e-01  1.21220477e-01
  3.46192598e-01  6.97052181e-02 -3.48667920e-01 -3.14164013e-02
  3.39185119e-01 -4.06510711e-01  6.45551383e-02 -6.76591620e-02
  2.49440566e-01  3.14093530e-01  2.34100148e-02 -1.77728847e-01
  9.46537554e-02  8.26984122e-02  3.35347623e-01 -1.06675334e-01
 -8.48640501e-02  1.20900619e+00  6.04278326e-01 -5.10141194e-01
  1.77193135e-01  4.07861173e-03 -2.60491580e-01  1.79021701e-01
  1.39830917e-01  2.99614400e-01  2.19684795e-01  2.58469611e-01
  3.16019595e-01  3.68779540e-01 -1.58152312e-01  2.35790238e-01
  6.91231787e-02 -1.72730684e-01 -1.02222905e-01 -3.47168297e-01]","[ 1.32099628e-01 -2.98627585e-01  1.11684747e-01 -1.06839009e-01
 -1.43793434e-01  9.89189371e-02  6.20541871e-01 -1.57332599e-01
 -3.15606505e-01 -3.03764403e-01  1.00130484e-01 -3.59937847e-02
  2.22415641e-01 -4.50693071e-03  1.10380419e-01 -8.89161527e-02
 -2.51790315e-01  2.36766875e-01 -1.96947306e-01  2.77844165e-02
  1.38722390e-01 -1.43009722e-02  2.23101422e-01  6.26970455e-02
  2.79434979e-01 -5.22361398e-02  5.50288931e-02  9.34928358e-02
 -2.34642148e-01  2.04601049e-01 -3.09287071e-01  1.70514494e-01
  2.33643472e-01 -2.19248980e-02 -8.36715698e-01 -5.00712991e-02
 -1.83442652e-01 -3.94126564e-01 -3.70311409e-01 -2.31928974e-01
  2.68878341e-02  4.20230925e-01 -3.72894883e-01 -4.44977820e-01
  2.80325532e-01 -2.55147517e-02  1.84544250e-01 -2.77118608e-02
 -4.96955097e-01 -5.69850028e-01 -1.95152447e-01 -1.72676712e-01
  3.03065062e-01  1.62435561e-01 -3.93342078e-02  2.73931861e-01
 -1.11397058e-01 -3.72615635e-01 -1.97748989e-01  3.45989048e-01
 -2.07444593e-01 -3.01872343e-01  3.37837003e-02 -1.31417140e-01
  8.97486210e-02  2.27946863e-01  5.25665820e-01  5.43711901e-01
 -1.96766272e-01 -1.85035825e-01  2.88327903e-01 -6.22621328e-02
 -9.87814814e-02  4.45995450e-01  1.09868154e-01  1.03427768e-01
 -2.33476624e-01  3.67055178e-01 -1.67668015e-01 -6.44529536e-02
 -3.83278489e-01  9.72265303e-02  3.93121362e-01  1.08697355e-01
 -4.95375842e-02  2.64894396e-01  2.75904447e-01  4.12437141e-01
 -5.02173603e-03  1.66338176e-01  2.34025419e-02  2.27692127e-02
 -6.91073298e-01  5.06664574e-01  1.82051197e-01 -2.22322226e-01
  3.52246642e-01  1.03834979e-01 -4.24107075e-01  1.56441778e-02
 -8.83462578e-02  1.13143466e-01  1.37140751e-01  3.02312553e-01
  6.37531281e-03  2.64488697e-01 -1.07197501e-01  2.18299687e-01
 -2.87100285e-01 -2.99851671e-02 -8.58522803e-02  1.81005463e-01
  2.52969682e-01 -4.37810794e-02 -9.21062082e-02 -2.81472504e-03
 -4.98885989e-01 -8.12185928e-02  4.02837954e-02  4.82261062e-01
  1.95212811e-01 -3.17827076e-01 -2.05697000e-01  1.18660830e-01
  6.81008622e-02 -5.30226588e-01  1.74596846e-01 -4.38670963e-01
 -7.46206567e-02  3.03728908e-01  2.59069234e-01  1.77415848e-01
 -2.34059975e-01  2.89026976e+00  1.48315817e-01  2.95530200e-01
  3.29835355e-01  4.81636047e-01 -1.89827941e-02 -2.97905654e-01
 -8.34710896e-03 -2.54568160e-01  1.14050224e-01  2.21245699e-02
  1.38961121e-01  1.98371559e-01 -2.93039717e-02  9.92371738e-02
  7.65586734e-01 -1.40329242e-01 -1.98614925e-01 -5.71854450e-02
 -2.43930504e-01 -3.28978188e-02  2.12964416e-03 -9.53281224e-02
 -8.73457342e-02 -4.79430437e-01  2.41981342e-01  2.73974180e-01
  3.36453840e-02  1.25572421e-02  7.17105716e-02 -3.34474921e-01
  1.34875014e-01 -3.91266868e-02  1.77461430e-01  6.61693290e-02
 -1.46723971e-01  9.34137404e-03  3.30332249e-01 -2.64836550e-01
  3.51612508e-01 -1.31189480e-01 -9.51986909e-02 -1.77784383e-01
  7.22254932e-01  8.52982700e-02 -1.71828672e-01 -6.03694916e-02
 -1.57538190e-01 -2.07143888e-01  1.38355225e-01 -6.49481118e-02
 -1.93398520e-01  5.26679158e-02  1.58715516e-01 -9.73297656e-03
 -2.22322643e-01 -1.89751983e-01 -2.87253678e-01  3.33471477e-01
 -3.33306283e-01 -4.23691511e-01 -2.56363899e-01 -7.09930435e-02
 -9.24912393e-02  2.34221473e-01 -3.46914768e-01 -4.17203963e-01
  1.19013876e-01 -7.25713596e-02 -5.61943173e-01 -2.40558431e-01
 -8.11132118e-02  2.36961603e-01 -2.16104344e-01  4.47048068e-01
  1.36160851e-03 -7.49121904e-02  2.54899770e-01 -1.95801005e-01
 -1.61570609e-02 -1.79619551e-01 -2.77553856e-01  1.02725916e-01
 -8.58925879e-02  1.81902662e-01  5.17734766e-01  1.00167885e-01
  5.75824738e-01  3.58600974e-01 -2.71830857e-01  2.09763229e-01
 -1.58685327e-01 -2.35318705e-01 -2.47153506e-01 -5.95514476e-03
  6.92191869e-02  9.94595587e-02  3.60473655e-02 -8.48761499e-02
 -2.76517987e-01  9.47634280e-02 -5.64844310e-01  7.66525865e-02
 -2.33346000e-01  1.53594539e-01 -1.73250169e-01 -1.50495365e-01
 -2.97542632e-01 -2.75143683e-02 -1.54923290e-01  1.02289885e-01
  9.32219028e-02  4.43043977e-01  4.54375476e-01  2.70454250e-02
 -1.13738216e-02  4.83726948e-01 -4.23040241e-01  2.14383900e-01
 -3.11118603e-01  1.06168464e-02 -4.89936247e-02  2.43061572e-01
 -2.43386328e-02 -2.34648809e-02  7.10697472e-02  1.33003548e-01
 -3.73909593e-01 -5.00748038e-01  2.37236694e-01 -4.30983827e-02
 -1.36832580e-01  2.02813178e-01  1.38742089e-01  2.04208612e-01
  2.98297077e-01  1.57840997e-01 -8.26601088e-02 -3.80774170e-01
 -8.32283795e-02 -9.81721207e-02 -6.05416059e-01  4.17143941e-01
  3.88745576e-01 -1.33090824e-01  4.14683312e-01  3.40684086e-01
  6.68447852e-01  1.04051903e-01 -2.18277901e-01  2.19300508e-01
  3.57443303e-01 -2.77177751e-01  1.01880439e-01  2.25392491e-01
  2.40246236e-01  3.35608184e-01 -2.72213399e-01 -7.26004615e-02
  6.91678375e-02 -3.50985348e-01 -1.06706679e-01  1.99108571e-02
 -2.82806218e-01  1.04452163e-01 -2.57501900e-01 -2.79382430e-02
 -8.04460645e-02  6.73606321e-02 -7.44242817e-02  1.79472387e-01
  3.79643381e-01 -3.13405812e-01 -5.82292564e-02  1.82541870e-02
 -7.10810661e-01 -2.39252329e-01  7.09271431e-02  6.56289577e-01
  2.89274502e+00  8.97226632e-02 -3.23899686e-01  1.01799995e-01
  5.33355117e-01 -8.90050083e-04  2.54654080e-01 -4.13238436e-01
  1.57662645e-01  9.45863351e-02 -3.66208740e-02 -2.83469796e-01
 -3.00277174e-01  1.46116897e-01  6.04175210e-01 -4.37638283e-01
  7.12462515e-02 -5.87610722e-01 -1.07674524e-01  9.54220444e-02
  3.59268822e-02 -3.24119598e-01  4.64322209e-01  8.47496539e-02
 -4.99582410e-01  4.29196864e-01  4.18249518e-01 -3.83827314e-02
  1.29120588e-01 -2.30948091e-01  5.98638207e-02 -1.28220513e-01
 -1.98538437e-01 -2.39417970e-01  4.08730924e-01  1.72911614e-01
 -1.06997848e-01 -1.06210418e-01  6.95273802e-02  3.38295102e-03
 -4.28455859e-01 -1.04522735e-01  5.04938513e-02 -1.08760372e-01
 -9.26185325e-02  1.44548148e-01 -3.36019218e-01 -1.73772722e-01
 -4.11357611e-01 -3.50226685e-02 -1.71660066e-01  1.20416418e-01
 -8.02862942e-02 -3.22302818e-01  2.57402241e-01  4.54982460e-01
 -3.98071289e-01 -3.07125956e-01  1.61991417e-01  7.86417723e-03
 -6.56152815e-02  1.79525599e-01 -4.51190650e-01  8.11926961e-01
  3.77918065e-01  2.02675998e-01  1.69574335e-01 -4.12089705e-01
 -4.78583336e-01  3.09222609e-01  3.37096453e-01  4.54382598e-03
 -2.19884470e-01  3.19756269e-01  1.69309258e-01  6.24234378e-02
  4.94690597e-01 -1.29040033e-01 -5.06684840e-01  3.33248705e-01
  1.00720234e-01  1.64456636e-01  1.28654569e-01  4.58980620e-01
  1.36926472e-01  8.67635012e-03 -9.77124870e-02 -8.86618495e-02
  2.79910386e-01  8.98874998e-02  2.92138100e-01 -3.57479334e-01
 -1.22415535e-01 -4.71935123e-02 -3.69252264e-03 -7.04377294e-02
  1.04339287e-01  2.65676916e-01  1.97704762e-01  2.11478442e-01
  4.14961219e-01 -3.08432907e-01  1.06973194e-01  6.06446385e-01
 -4.59282637e-01 -2.19415873e-01  2.22110793e-01  7.07320571e-02
 -5.07461846e-01 -4.01578248e-02 -2.27561146e-02 -7.76626766e-01
  3.55686933e-01 -3.49800646e-01  1.73249274e-01  5.66026568e-02
 -2.92244673e-01 -4.00764018e-01 -1.73927262e-01  5.76063395e-02
  3.88358951e-01 -6.68443680e-01 -2.11278081e-01 -1.83033273e-02
  4.30122733e-01  2.05696523e-02  2.17771195e-02 -1.66630447e-01
  3.30781750e-02  1.64181858e-01 -4.51420963e-01  3.36083084e-01
 -2.26781070e-02  1.87117577e-01 -1.15292341e-01  3.31966467e-02
  2.03666657e-01 -2.87897378e-01 -2.63203442e-01  2.65513837e-01
  5.68809152e-01  1.44783556e-01  2.57917404e-01  1.30185291e-01
 -3.24370205e-01  2.60787576e-01  2.51854032e-01  2.04659969e-01
 -3.23317610e-02 -1.34817451e-01 -1.12697378e-01  8.23003203e-02
 -6.88010082e-02 -2.48789281e-01 -3.33889782e-01  7.73343593e-02
  2.45791346e-01  3.69389534e-01  2.70367354e-01 -6.80483282e-02
 -3.84763122e-01  2.99251735e-01  5.01536354e-02  5.06479144e-01
 -1.79874390e-01  2.09152266e-01 -1.83483809e-02 -4.36684668e-01
 -5.30765951e-03 -1.47984803e-01 -8.77602249e-02  1.66049629e-01
  2.25069225e-01  2.12687731e-01  3.24158788e-01 -4.25859839e-01
  2.07424551e-01 -8.14540088e-02  6.70089900e-01  2.09085703e-01
  2.30671376e-01  8.48392963e-01  2.72860020e-01 -4.86364901e-01
  2.73268335e-02 -2.87521452e-01  4.09730732e-01 -2.22535089e-01
 -5.64746141e-01  9.91628170e-02  2.11760655e-01  3.00409943e-01
  4.06960547e-01  1.34510443e-01  6.22894764e-02  1.93241894e-01
  2.92534262e-01  4.73501176e-01  7.22384751e-02 -7.52992928e-02]"
270,001.024.52,The ladder mounts on the right or the left side of the bed.,MYDAL,Bunk bed frame,Pine,90x200 ,images/objects/001.024.52.jpg,"[ 3.94152999e-02 -2.28916213e-01 -5.94516285e-02 -8.05776715e-02
  2.81739794e-02  2.71823049e-01  2.72991955e-02 -4.79961842e-01
 -1.98455155e-01 -6.23657033e-02  3.82449210e-01 -9.66149569e-03
  6.48265660e-01 -1.53840899e-01  1.35220632e-01  6.04999214e-02
 -1.95684597e-01 -1.59378722e-01 -2.35708237e-01  8.74478966e-02
  2.98704624e-01  1.50114205e-02  5.67648858e-02 -2.30363384e-01
 -2.23529488e-01  3.13456357e-01 -3.25899869e-02 -1.61768615e-01
  2.64061630e-01  7.86731541e-02 -2.13762119e-01  5.51089793e-02
 -8.18347633e-02  1.38581946e-01 -6.23570800e-01  2.54661500e-01
  2.81290561e-02 -3.11206102e-01  1.43046021e-01  5.93940690e-02
 -5.23737073e-02  2.96500325e-03 -2.64113516e-01  1.90803275e-01
  2.67976195e-01 -8.47331658e-02  5.47183901e-02 -6.22364134e-03
 -2.94839561e-01 -3.20991755e-01  6.81249499e-02 -2.59809405e-01
 -7.82469958e-02  2.69167572e-01 -4.89768870e-02  3.09233755e-01
 -2.02537000e-01 -1.95518717e-01 -1.18715167e-02 -3.72843221e-02
 -8.71191546e-02 -1.41503632e-01 -7.38161579e-02  9.48609412e-03
  2.32331648e-01  1.04912512e-01  4.77419704e-01  2.44185120e-01
  7.62114525e-02  3.52750942e-02 -2.62420297e-01 -3.18114787e-01
  1.07274383e-01  2.89896011e-01 -2.18349069e-01  2.50835437e-02
  2.35912025e-01 -1.23001724e-01  2.69119471e-01 -3.49547528e-03
 -4.19550240e-01 -1.34424120e-01  3.88802767e-01  2.52191603e-01
 -4.79070306e-01  4.21827078e-01  1.06821395e-01  2.76883453e-01
  1.22996718e-02  1.65489316e-01  7.63443410e-02  3.49878669e-01
 -1.15994740e+00  6.24034822e-01 -3.11587453e-01  8.47712606e-02
  3.45315814e-01  2.83728689e-02  1.97149590e-02  3.46337445e-03
  1.65470243e-02  3.60754818e-01 -1.66672468e-03  8.08782876e-03
  1.60835147e-01  2.92663686e-02 -2.20610023e-01 -1.83084548e-01
 -4.55440991e-02 -1.09796196e-01 -5.00397265e-01  3.54454219e-01
 -1.34748556e-02 -1.02671415e-01 -5.78892604e-02 -9.65308174e-02
 -2.41831347e-01 -2.50536740e-01 -4.70626384e-01  2.24472567e-01
  3.34481776e-01 -7.10198879e-01 -1.27282664e-01  3.71227205e-01
  4.04532611e-01 -4.46050875e-02 -1.53251842e-01 -2.86912918e-01
 -1.67764202e-01  5.29708147e-01  2.85481185e-01  1.26986757e-01
 -3.54156435e-01  4.90840435e+00 -7.44450837e-02 -1.90860361e-01
 -3.05728078e-01  1.06666923e-01 -1.14534080e-01 -4.85819548e-01
 -4.07885969e-01 -2.44262181e-02 -6.69142455e-02  7.53297389e-01
 -2.89797723e-01 -9.03219283e-02 -1.08288370e-01 -3.77231658e-01
  2.65643746e-01  1.66552603e-01 -1.81394756e-01  9.77455229e-02
  3.28834832e-01 -1.49285644e-01  2.39775658e-01 -6.87202930e-01
 -1.56173185e-01 -7.80033052e-01  4.85459417e-01  2.62663990e-01
  3.35373357e-02 -6.70879334e-02 -1.73421174e-01 -7.65890479e-02
  1.95008636e-01  1.97457969e-01  1.96131095e-01 -2.99468309e-01
  9.35297757e-02 -6.24611564e-02  1.85866967e-01 -3.02169532e-01
  3.35948884e-01 -1.66187197e-01 -6.79253817e-01 -1.21042073e-01
  1.87955394e-01  6.51027113e-02 -8.35194141e-02 -5.42784855e-02
 -4.13245782e-02 -4.93130460e-02 -1.26950115e-01 -1.56003714e-01
 -5.67074493e-02  1.94710687e-01  4.90861647e-02 -1.32941514e-01
  4.60209027e-02  1.82803467e-01 -2.05780417e-01  6.96036443e-02
 -7.55487978e-02 -4.37608600e-01 -1.96645126e-01  2.17991203e-01
 -2.92235613e-02  1.40466377e-01 -5.96962094e-01  1.15243629e-01
  1.53325647e-02 -1.68861866e-01  2.07745761e-01  2.56363302e-02
 -1.37356877e-01 -1.00169331e-03  6.28616065e-02  7.95708001e-02
  5.66133931e-02 -1.67732403e-01 -8.13309625e-02  8.68108869e-03
 -2.15634674e-01  1.44908547e-01 -1.85877413e-01  1.90831363e-01
 -2.99269497e-01 -3.24459374e-01  2.64754117e-01  7.31275231e-03
 -6.75182417e-02  1.04454376e-01 -1.09115601e-01  5.29602468e-02
 -3.22341651e-01 -2.02724591e-01 -3.64937633e-02  3.10003966e-01
  1.67859733e-01  4.22273874e-02 -3.03640038e-01  3.74782979e-01
  6.07581437e-02  1.34746537e-01 -2.21840218e-01  2.55869836e-01
  1.72575384e-01  2.01836497e-01 -8.32550228e-02 -8.46613944e-02
 -3.44674885e-02  2.74575055e-01 -2.75990307e-01  2.43216455e-01
  1.45520478e-01  8.62484217e-01  2.08822757e-01  2.16955319e-01
 -1.11410558e-01  1.57402247e-01 -7.66481161e-02  6.95314258e-02
  1.70039728e-01 -1.95705831e-01 -1.77169934e-01 -1.48013383e-01
 -1.57682061e-01 -3.00161034e-01 -7.45964646e-02  3.06374282e-01
 -4.83163238e-01 -2.46238962e-01  6.66669369e-01  1.27787357e-02
  2.21450031e-02 -5.48636913e-02  9.76941735e-02  1.45536780e-01
 -1.12577736e-01 -5.45945503e-02 -3.14281017e-01  5.54292053e-02
 -1.92650735e-01 -3.81252468e-01  9.43867043e-02 -1.44518316e-01
  1.88761562e-01 -1.40684560e-01  2.78160632e-01 -6.82651252e-02
  5.69158196e-01 -4.14830804e-01 -7.69236535e-02  4.31114048e-01
  1.36532575e-01 -1.37963399e-01 -1.20513052e-01 -9.87934768e-02
  1.35954469e-01  1.32702172e-01  1.07515320e-01  6.10618889e-02
  1.55193180e-01  5.11893570e-01 -2.89329201e-01  5.56417257e-02
 -4.40754473e-01  4.55706567e-03 -3.70530099e-01 -2.27106482e-01
 -4.41483140e-01  1.07389420e-01  5.58572188e-02  1.91589788e-01
  4.45482403e-01 -3.60871255e-01 -5.97589761e-02 -1.82869926e-01
 -1.79977909e-01 -3.36097449e-01 -1.63915455e-01  1.15584373e+00
  4.90514755e+00 -1.23734646e-01  1.31662637e-02  2.58299947e-01
  4.25210655e-01  3.34610999e-01  3.24939132e-01 -1.47137702e-01
  7.07850903e-02  2.86074817e-01 -1.48178041e-02 -3.93825844e-02
 -2.32446328e-01 -1.51966363e-02  4.44273829e-01  4.72119004e-02
  8.60195681e-02 -1.53350544e+00 -1.30865231e-01  1.07373662e-01
 -3.86137605e-01 -5.33074103e-02 -2.85793781e-01  2.70058870e-01
 -1.34647578e-01 -5.08157015e-02  8.20894837e-02  2.67682672e-01
 -1.21406212e-01  2.70941079e-01  4.98657793e-01  9.22135264e-03
  2.58486539e-01 -2.28065535e-01  3.04086745e-01  3.52992177e-01
 -1.41650423e-01 -2.19389915e-01  6.47774994e-01 -1.59902573e-01
 -1.46379828e-01  4.81922925e-02 -3.74661326e-01 -3.39685261e-01
 -5.42513430e-01 -4.00540829e-02  3.25038493e-01  4.45990622e-01
 -3.72588992e-01 -3.07182610e-01  2.24712193e-01 -1.67677283e-01
 -9.35556367e-02 -4.32753175e-01 -1.68549359e-01  4.12991792e-02
 -1.05021976e-01  2.41238922e-02  5.49842827e-02 -1.42628610e-01
 -2.42711902e-02  2.20876634e-01  4.89781201e-02  2.91879445e-01
 -4.12944332e-02 -1.13103241e-02  2.37785190e-01 -1.58563554e-02
 -4.44165021e-01  2.96636581e-01  4.41484451e-01 -1.72550440e-01
  3.60054642e-01  3.31032097e-01 -1.45329252e-01 -9.46612135e-02
 -2.21202165e-01 -1.50575146e-01 -4.31823611e-01  5.60386181e-01
 -1.73733801e-01 -5.32934070e-03  9.52029154e-02  1.26762062e-01
 -2.04517543e-02 -1.19439960e-01 -1.64213747e-01  3.18956137e-01
  3.31681669e-01  8.08766782e-02  6.25543654e-01 -2.52788186e-01
 -1.21304117e-01 -1.79158121e-01  2.13232338e-02  2.27584168e-01
 -8.90430659e-02  5.94488606e-02  6.70032352e-02  8.65131021e-02
 -1.81584582e-02  4.51736033e-01  4.76714492e-01 -4.17904928e-02
 -1.72952026e-01  5.04010394e-02  3.11172605e-02 -3.90995294e-02
 -1.22691788e-01 -2.35037565e-01  1.40029967e-01 -2.24350169e-01
  1.99392796e-01 -3.67515445e-01  1.43566221e-01  6.53421208e-02
 -1.34165972e-01  4.19557273e-01 -2.44729221e-01  5.63431680e-01
 -6.24771044e-02 -1.35777190e-01 -2.58685768e-01 -2.61845171e-01
  2.26594985e-01 -3.70115787e-02 -1.11010186e-01  5.92242628e-02
 -2.61025518e-01  4.37517166e-02 -2.40088165e-01  2.73546129e-01
 -2.96339262e-02  3.41919720e-01  3.07955742e-02 -3.26295078e-01
  1.36556476e-03 -5.64700104e-02  6.70749545e-02 -8.85193050e-03
 -3.06247585e-02  6.70746267e-02  2.78296769e-01 -1.38157129e-01
 -2.50679672e-01  1.35802254e-01 -2.92499065e-02  1.92352057e-01
  5.88567555e-02  5.52446470e-02  5.52938879e-02 -3.78242880e-01
  3.26450706e-01 -1.80109903e-01 -1.23698324e-01 -8.00825208e-02
 -2.64844000e-02  4.14359450e-01  7.57019073e-02  1.34797022e-01
 -4.23852541e-02  2.49142110e-01 -1.36816993e-01  1.21220477e-01
  3.46192598e-01  6.97052181e-02 -3.48667920e-01 -3.14164013e-02
  3.39185119e-01 -4.06510711e-01  6.45551383e-02 -6.76591620e-02
  2.49440566e-01  3.14093530e-01  2.34100148e-02 -1.77728847e-01
  9.46537554e-02  8.26984122e-02  3.35347623e-01 -1.06675334e-01
 -8.48640501e-02  1.20900619e+00  6.04278326e-01 -5.10141194e-01
  1.77193135e-01  4.07861173e-03 -2.60491580e-01  1.79021701e-01
  1.39830917e-01  2.99614400e-01  2.19684795e-01  2.58469611e-01
  3.16019595e-01  3.68779540e-01 -1.58152312e-01  2.35790238e-01
  6.91231787e-02 -1.72730684e-01 -1.02222905e-01 -3.47168297e-01]","[ 1.32099628e-01 -2.98627585e-01  1.11684747e-01 -1.06839009e-01
 -1.43793434e-01  9.89189371e-02  6.20541871e-01 -1.57332599e-01
 -3.15606505e-01 -3.03764403e-01  1.00130484e-01 -3.59937847e-02
  2.22415641e-01 -4.50693071e-03  1.10380419e-01 -8.89161527e-02
 -2.51790315e-01  2.36766875e-01 -1.96947306e-01  2.77844165e-02
  1.38722390e-01 -1.43009722e-02  2.23101422e-01  6.26970455e-02
  2.79434979e-01 -5.22361398e-02  5.50288931e-02  9.34928358e-02
 -2.34642148e-01  2.04601049e-01 -3.09287071e-01  1.70514494e-01
  2.33643472e-01 -2.19248980e-02 -8.36715698e-01 -5.00712991e-02
 -1.83442652e-01 -3.94126564e-01 -3.70311409e-01 -2.31928974e-01
  2.68878341e-02  4.20230925e-01 -3.72894883e-01 -4.44977820e-01
  2.80325532e-01 -2.55147517e-02  1.84544250e-01 -2.77118608e-02
 -4.96955097e-01 -5.69850028e-01 -1.95152447e-01 -1.72676712e-01
  3.03065062e-01  1.62435561e-01 -3.93342078e-02  2.73931861e-01
 -1.11397058e-01 -3.72615635e-01 -1.97748989e-01  3.45989048e-01
 -2.07444593e-01 -3.01872343e-01  3.37837003e-02 -1.31417140e-01
  8.97486210e-02  2.27946863e-01  5.25665820e-01  5.43711901e-01
 -1.96766272e-01 -1.85035825e-01  2.88327903e-01 -6.22621328e-02
 -9.87814814e-02  4.45995450e-01  1.09868154e-01  1.03427768e-01
 -2.33476624e-01  3.67055178e-01 -1.67668015e-01 -6.44529536e-02
 -3.83278489e-01  9.72265303e-02  3.93121362e-01  1.08697355e-01
 -4.95375842e-02  2.64894396e-01  2.75904447e-01  4.12437141e-01
 -5.02173603e-03  1.66338176e-01  2.34025419e-02  2.27692127e-02
 -6.91073298e-01  5.06664574e-01  1.82051197e-01 -2.22322226e-01
  3.52246642e-01  1.03834979e-01 -4.24107075e-01  1.56441778e-02
 -8.83462578e-02  1.13143466e-01  1.37140751e-01  3.02312553e-01
  6.37531281e-03  2.64488697e-01 -1.07197501e-01  2.18299687e-01
 -2.87100285e-01 -2.99851671e-02 -8.58522803e-02  1.81005463e-01
  2.52969682e-01 -4.37810794e-02 -9.21062082e-02 -2.81472504e-03
 -4.98885989e-01 -8.12185928e-02  4.02837954e-02  4.82261062e-01
  1.95212811e-01 -3.17827076e-01 -2.05697000e-01  1.18660830e-01
  6.81008622e-02 -5.30226588e-01  1.74596846e-01 -4.38670963e-01
 -7.46206567e-02  3.03728908e-01  2.59069234e-01  1.77415848e-01
 -2.34059975e-01  2.89026976e+00  1.48315817e-01  2.95530200e-01
  3.29835355e-01  4.81636047e-01 -1.89827941e-02 -2.97905654e-01
 -8.34710896e-03 -2.54568160e-01  1.14050224e-01  2.21245699e-02
  1.38961121e-01  1.98371559e-01 -2.93039717e-02  9.92371738e-02
  7.65586734e-01 -1.40329242e-01 -1.98614925e-01 -5.71854450e-02
 -2.43930504e-01 -3.28978188e-02  2.12964416e-03 -9.53281224e-02
 -8.73457342e-02 -4.79430437e-01  2.41981342e-01  2.73974180e-01
  3.36453840e-02  1.25572421e-02  7.17105716e-02 -3.34474921e-01
  1.34875014e-01 -3.91266868e-02  1.77461430e-01  6.61693290e-02
 -1.46723971e-01  9.34137404e-03  3.30332249e-01 -2.64836550e-01
  3.51612508e-01 -1.31189480e-01 -9.51986909e-02 -1.77784383e-01
  7.22254932e-01  8.52982700e-02 -1.71828672e-01 -6.03694916e-02
 -1.57538190e-01 -2.07143888e-01  1.38355225e-01 -6.49481118e-02
 -1.93398520e-01  5.26679158e-02  1.58715516e-01 -9.73297656e-03
 -2.22322643e-01 -1.89751983e-01 -2.87253678e-01  3.33471477e-01
 -3.33306283e-01 -4.23691511e-01 -2.56363899e-01 -7.09930435e-02
 -9.24912393e-02  2.34221473e-01 -3.46914768e-01 -4.17203963e-01
  1.19013876e-01 -7.25713596e-02 -5.61943173e-01 -2.40558431e-01
 -8.11132118e-02  2.36961603e-01 -2.16104344e-01  4.47048068e-01
  1.36160851e-03 -7.49121904e-02  2.54899770e-01 -1.95801005e-01
 -1.61570609e-02 -1.79619551e-01 -2.77553856e-01  1.02725916e-01
 -8.58925879e-02  1.81902662e-01  5.17734766e-01  1.00167885e-01
  5.75824738e-01  3.58600974e-01 -2.71830857e-01  2.09763229e-01
 -1.58685327e-01 -2.35318705e-01 -2.47153506e-01 -5.95514476e-03
  6.92191869e-02  9.94595587e-02  3.60473655e-02 -8.48761499e-02
 -2.76517987e-01  9.47634280e-02 -5.64844310e-01  7.66525865e-02
 -2.33346000e-01  1.53594539e-01 -1.73250169e-01 -1.50495365e-01
 -2.97542632e-01 -2.75143683e-02 -1.54923290e-01  1.02289885e-01
  9.32219028e-02  4.43043977e-01  4.54375476e-01  2.70454250e-02
 -1.13738216e-02  4.83726948e-01 -4.23040241e-01  2.14383900e-01
 -3.11118603e-01  1.06168464e-02 -4.89936247e-02  2.43061572e-01
 -2.43386328e-02 -2.34648809e-02  7.10697472e-02  1.33003548e-01
 -3.73909593e-01 -5.00748038e-01  2.37236694e-01 -4.30983827e-02
 -1.36832580e-01  2.02813178e-01  1.38742089e-01  2.04208612e-01
  2.98297077e-01  1.57840997e-01 -8.26601088e-02 -3.80774170e-01
 -8.32283795e-02 -9.81721207e-02 -6.05416059e-01  4.17143941e-01
  3.88745576e-01 -1.33090824e-01  4.14683312e-01  3.40684086e-01
  6.68447852e-01  1.04051903e-01 -2.18277901e-01  2.19300508e-01
  3.57443303e-01 -2.77177751e-01  1.01880439e-01  2.25392491e-01
  2.40246236e-01  3.35608184e-01 -2.72213399e-01 -7.26004615e-02
  6.91678375e-02 -3.50985348e-01 -1.06706679e-01  1.99108571e-02
 -2.82806218e-01  1.04452163e-01 -2.57501900e-01 -2.79382430e-02
 -8.04460645e-02  6.73606321e-02 -7.44242817e-02  1.79472387e-01
  3.79643381e-01 -3.13405812e-01 -5.82292564e-02  1.82541870e-02
 -7.10810661e-01 -2.39252329e-01  7.09271431e-02  6.56289577e-01
  2.89274502e+00  8.97226632e-02 -3.23899686e-01  1.01799995e-01
  5.33355117e-01 -8.90050083e-04  2.54654080e-01 -4.13238436e-01
  1.57662645e-01  9.45863351e-02 -3.66208740e-02 -2.83469796e-01
 -3.00277174e-01  1.46116897e-01  6.04175210e-01 -4.37638283e-01
  7.12462515e-02 -5.87610722e-01 -1.07674524e-01  9.54220444e-02
  3.59268822e-02 -3.24119598e-01  4.64322209e-01  8.47496539e-02
 -4.99582410e-01  4.29196864e-01  4.18249518e-01 -3.83827314e-02
  1.29120588e-01 -2.30948091e-01  5.98638207e-02 -1.28220513e-01
 -1.98538437e-01 -2.39417970e-01  4.08730924e-01  1.72911614e-01
 -1.06997848e-01 -1.06210418e-01  6.95273802e-02  3.38295102e-03
 -4.28455859e-01 -1.04522735e-01  5.04938513e-02 -1.08760372e-01
 -9.26185325e-02  1.44548148e-01 -3.36019218e-01 -1.73772722e-01
 -4.11357611e-01 -3.50226685e-02 -1.71660066e-01  1.20416418e-01
 -8.02862942e-02 -3.22302818e-01  2.57402241e-01  4.54982460e-01
 -3.98071289e-01 -3.07125956e-01  1.61991417e-01  7.86417723e-03
 -6.56152815e-02  1.79525599e-01 -4.51190650e-01  8.11926961e-01
  3.77918065e-01  2.02675998e-01  1.69574335e-01 -4.12089705e-01
 -4.78583336e-01  3.09222609e-01  3.37096453e-01  4.54382598e-03
 -2.19884470e-01  3.19756269e-01  1.69309258e-01  6.24234378e-02
  4.94690597e-01 -1.29040033e-01 -5.06684840e-01  3.33248705e-01
  1.00720234e-01  1.64456636e-01  1.28654569e-01  4.58980620e-01
  1.36926472e-01  8.67635012e-03 -9.77124870e-02 -8.86618495e-02
  2.79910386e-01  8.98874998e-02  2.92138100e-01 -3.57479334e-01
 -1.22415535e-01 -4.71935123e-02 -3.69252264e-03 -7.04377294e-02
  1.04339287e-01  2.65676916e-01  1.97704762e-01  2.11478442e-01
  4.14961219e-01 -3.08432907e-01  1.06973194e-01  6.06446385e-01
 -4.59282637e-01 -2.19415873e-01  2.22110793e-01  7.07320571e-02
 -5.07461846e-01 -4.01578248e-02 -2.27561146e-02 -7.76626766e-01
  3.55686933e-01 -3.49800646e-01  1.73249274e-01  5.66026568e-02
 -2.92244673e-01 -4.00764018e-01 -1.73927262e-01  5.76063395e-02
  3.88358951e-01 -6.68443680e-01 -2.11278081e-01 -1.83033273e-02
  4.30122733e-01  2.05696523e-02  2.17771195e-02 -1.66630447e-01
  3.30781750e-02  1.64181858e-01 -4.51420963e-01  3.36083084e-01
 -2.26781070e-02  1.87117577e-01 -1.15292341e-01  3.31966467e-02
  2.03666657e-01 -2.87897378e-01 -2.63203442e-01  2.65513837e-01
  5.68809152e-01  1.44783556e-01  2.57917404e-01  1.30185291e-01
 -3.24370205e-01  2.60787576e-01  2.51854032e-01  2.04659969e-01
 -3.23317610e-02 -1.34817451e-01 -1.12697378e-01  8.23003203e-02
 -6.88010082e-02 -2.48789281e-01 -3.33889782e-01  7.73343593e-02
  2.45791346e-01  3.69389534e-01  2.70367354e-01 -6.80483282e-02
 -3.84763122e-01  2.99251735e-01  5.01536354e-02  5.06479144e-01
 -1.79874390e-01  2.09152266e-01 -1.83483809e-02 -4.36684668e-01
 -5.30765951e-03 -1.47984803e-01 -8.77602249e-02  1.66049629e-01
  2.25069225e-01  2.12687731e-01  3.24158788e-01 -4.25859839e-01
  2.07424551e-01 -8.14540088e-02  6.70089900e-01  2.09085703e-01
  2.30671376e-01  8.48392963e-01  2.72860020e-01 -4.86364901e-01
  2.73268335e-02 -2.87521452e-01  4.09730732e-01 -2.22535089e-01
 -5.64746141e-01  9.91628170e-02  2.11760655e-01  3.00409943e-01
  4.06960547e-01  1.34510443e-01  6.22894764e-02  1.93241894e-01
  2.92534262e-01  4.73501176e-01  7.22384751e-02 -7.52992928e-02]"
